"";"Temperature (K)";"Pressure (MPa)";"Volume (m3/kg)";"Density (kg/m3)";"mol_mass (g/mol)";"Entropy (kJ/kg/K)";"Enthalpy (kJ/kg)";"Internal energy (kJ/kg)";"Cp(fr) (kJ/kg/K)";"Cv(fr) (kJ/kg/K)";"gamma(fr)";"Sound speed(fr) (m/s)";"Cp(eq) (kJ/kg/K)";"Cv(eq) (kJ/kg/K)";"gamma(eq)";"Sound speed(eq) (m/s)";"Energy Input (J/mol) ";"Energy Input (eV/molecule)";"Energy Input (kJ/kg)";"Flow rate (kg/h)"
3.000000000000e+02;3.000000000000e+02;1.013250000000e-02;8.787541942464e+00;1.137974653831e-01;2.801339832228e+01;7.525805160274e+00;1.923213091130e+00;-8.711734265985e+01;1.039502437727e+00;7.427012462273e-01;1.399623930897e+00;3.530198508616e+02;1.039502437729e+00;7.427005833859e-01;1.399625182655e+00;3.530188416715e+02;1.666684509636e-04;1.727383521443e-09;5.949597323696e-06;1.007852674681e+02
3.200000000000e+02;3.200000000000e+02;1.013250000000e-02;9.373379462432e+00;1.066851079707e-01;2.801339657647e+01;7.592856335973e+00;2.270174737082e+01;-7.227484543023e+01;1.038526796038e+00;7.417255860422e-01;1.400149618109e+00;3.646658090166e+02;1.038526795971e+00;7.417249232007e-01;1.400150872062e+00;3.646647824429e+02;5.820775633851e+02;6.032762561721e-03;2.077854022928e+01;1.007852674681e+02
3.400000000000e+02;3.400000000000e+02;1.013250000000e-02;9.959216939018e+00;1.004095006789e-01;2.801339503682e+01;7.655811413004e+00;4.347054646532e+01;-5.744208338580e+01;1.038493003354e+00;7.416917770453e-01;1.400167880371e+00;3.758913738528e+02;1.038493003217e+00;7.416911142038e-01;1.400169134478e+00;3.758903291484e+02;1.163882244463e+03;1.206269691932e-02;4.154733932378e+01;1.007852674681e+02
3.600000000000e+02;3.600000000000e+02;1.013250000000e-02;1.054505438063e+01;9.483118473405e-02;2.801339366771e+01;7.715187228477e+00;6.424648323454e+01;-4.260218366664e+01;1.039213860930e+00;7.424126201152e-01;1.399779358234e+00;3.867353748243e+02;1.039213860723e+00;7.424119572737e-01;1.399780610860e+00;3.867343114820e+02;1.745886876079e+03;1.809470360232e-02;6.232327609301e+01;1.007852674681e+02
3.800000000000e+02;3.800000000000e+02;1.013250000000e-02;1.113089181975e+01;8.984006099366e-02;2.801339244123e+01;7.771407913591e+00;8.504318046959e+01;-2.774152348166e+01;1.040548806436e+00;7.437475526267e-01;1.399061822470e+00;3.972309846485e+02;1.040548806160e+00;7.437468897851e-01;1.399063072294e+00;3.972299027996e+02;2.328473078934e+03;2.413273780023e-02;8.311997332806e+01;1.007852674681e+02
4.000000000000e+02;4.000000000000e+02;1.013250000000e-02;1.171673099337e+01;8.534803782433e-02;2.801339133525e+01;7.824826000767e+00;1.058717982041e+02;-1.284894279721e+01;1.042390286585e+00;7.455890210580e-01;1.398076228518e+00;4.074068207220e+02;1.042390286239e+00;7.455883582164e-01;1.398077474465e+00;4.074057507009e+02;2.911953483515e+03;3.018003967488e-02;1.039485910626e+02;1.007852674681e+02
4.200000000000e+02;4.200000000000e+02;1.013250000000e-02;1.230256994917e+01;8.128382964952e-02;2.801339033194e+01;7.875737652803e+00;1.267415960796e+02;2.084818028205e+00;1.044654558879e+00;7.478532827221e-01;1.396870994637e+00;4.172877896736e+02;1.044654558463e+00;7.478526198805e-01;1.396872235833e+00;4.172867264853e+02;3.496587483866e+03;3.623929763548e-02;1.248183889381e+02;1.007852674681e+02
4.400000000000e+02;4.400000000000e+02;1.013250000000e-02;1.288840873237e+01;7.758909736375e-02;2.801338941684e+01;7.924394249065e+00;1.476603423383e+02;1.706752723683e+01;1.047275350540e+00;7.504740646877e-01;1.395485067130e+00;4.268957430301e+02;1.047275350054e+00;7.504734018461e-01;1.395486302857e+00;4.268946828340e+02;4.082592694865e+03;4.231276708401e-02;1.457371351967e+02;1.007852674681e+02
4.600000000000e+02;4.600000000000e+02;1.013250000000e-02;1.347420738479e+01;7.421586824681e-02;2.801338857804e+01;7.971010100047e+00;1.686346161223e+02;3.210576397078e+01;1.050199403576e+00;7.533981088370e-01;1.393950145691e+00;4.362499922061e+02;1.050199403021e+00;7.533974459954e-01;1.393951375363e+00;4.362482846081e+02;4.670153420655e+03;4.840235818364e-02;1.667114089808e+02;1.007852674681e+02
4.800000000000e+02;4.800000000000e+02;1.013250000000e-02;1.406004476808e+01;7.112352887169e-02;2.801338780570e+01;8.015772631685e+00;1.896700341980e+02;4.720514499642e+01;1.053383291028e+00;7.565819881060e-01;1.392292319389e+00;4.453677174346e+02;1.053383290402e+00;7.565813252644e-01;1.392293542528e+00;4.453660033010e+02;5.259427005959e+03;5.450970168501e-02;1.877468270565e+02;1.007852674681e+02
5.000000000000e+02;5.000000000000e+02;1.013250000000e-02;1.464588203337e+01;6.827857808230e-02;2.801338709157e+01;8.058842239757e+00;2.107714232664e+02;6.237049701481e+01;1.056791106142e+00;7.599897956535e-01;1.390533283718e+00;4.542642958044e+02;1.056791105445e+00;7.599891328118e-01;1.390534499932e+00;4.542625728105e+02;5.850548663086e+03;6.063619895420e-02;2.088482161249e+02;1.007852674681e+02
5.200000000000e+02;5.200000000000e+02;1.013250000000e-02;1.523171919923e+01;6.565247080253e-02;2.801338642873e+01;8.100359938551e+00;2.319429525100e+02;7.760598920825e+01;1.060392761280e+00;7.635914437684e-01;1.388691256212e+00;4.629535669150e+02;1.060392760512e+00;7.635907809267e-01;1.388692465186e+00;4.629518331869e+02;6.443635185008e+03;6.678306045579e-02;2.300197453684e+02;1.007852674681e+02
5.400000000000e+02;5.400000000000e+02;1.013250000000e-02;1.581755628062e+01;6.322089090495e-02;2.801338581129e+01;8.140449723129e+00;2.531882366838e+02;9.291523633207e+01;1.064162719396e+00;7.673613953430e-01;1.386781672696e+00;4.714480499265e+02;1.064162718557e+00;7.673607325013e-01;1.386782874177e+00;4.714463039460e+02;7.038787833312e+03;7.295133568413e-02;2.512650295423e+02;1.007852674681e+02
5.600000000000e+02;5.600000000000e+02;1.013250000000e-02;1.640339328972e+01;6.096299603002e-02;2.801338523424e+01;8.179221193819e+00;2.745104171171e+02;1.083013797152e+02;1.068079036788e+00;7.712777066216e-01;1.384817722098e+00;4.797591223688e+02;1.068079035878e+00;7.712770437798e-01;1.384818915888e+00;4.797573629007e+02;7.636094607305e+03;7.914193668076e-02;2.725872099755e+02;1.007852674681e+02
5.800000000000e+02;5.800000000000e+02;1.013250000000e-02;1.698923023653e+01;5.886081865262e-02;2.801338469328e+01;8.216771690516e+00;2.959122259542e+02;1.237671515023e+02;1.072122632794e+00;7.753212968953e-01;1.382810761277e+00;4.878971685920e+02;1.072122631812e+00;7.753206340535e-01;1.382811947224e+00;4.878953946281e+02;8.235632043646e+03;8.535565668617e-02;2.939890188127e+02;1.007852674681e+02
6.000000000000e+02;6.000000000000e+02;1.013250000000e-02;1.757506712934e+01;5.689878693723e-02;2.801338418468e+01;8.253188043191e+00;3.173960375490e+02;1.393149260470e+02;1.076276726959e+00;7.794753856723e-01;1.380770639769e+00;4.958717039074e+02;1.076276725906e+00;7.794747228305e-01;1.380771817761e+00;4.958699146232e+02;8.837466656053e+03;9.159318506119e-02;3.154728304074e+02;1.007852674681e+02
6.200000000000e+02;6.200000000000e+02;1.013250000000e-02;1.816090397507e+01;5.506333833232e-02;2.801338370522e+01;8.288548018930e+00;3.389639099103e+02;1.549467613583e+02;1.080526401193e+00;7.837250548259e-01;1.378705956303e+00;5.036914791084e+02;1.080526400067e+00;7.837243919841e-01;1.378707126262e+00;5.036896738290e+02;9.441656096360e+03;9.785511932038e-02;3.370407027688e+02;1.007852674681e+02
6.400000000000e+02;6.400000000000e+02;1.013250000000e-02;1.874674077952e+01;5.334260561668e-02;2.801338325210e+01;8.322921526814e+00;3.606176183782e+02;1.706644327761e+02;1.084858256151e+00;7.880569049829e-01;1.376624263160e+00;5.113645690385e+02;1.084858254952e+00;7.880562421411e-01;1.376625425038e+00;5.113627472117e+02;1.004825009787e+04;1.041419749092e-01;3.586944112367e+02;1.007852674681e+02
6.600000000000e+02;6.600000000000e+02;1.013250000000e-02;1.933257754760e+01;5.172616002898e-02;2.801338282287e+01;8.356371627893e+00;3.823586831755e+02;1.864694605233e+02;1.089260139379e+00;7.924587836632e-01;1.374532230362e+00;5.188984480939e+02;1.089260138108e+00;7.924581208214e-01;1.374533384138e+00;5.188966092686e+02;1.065729124720e+04;1.104541932033e-01;3.804354760339e+02;1.007852674681e+02
6.800000000000e+02;6.800000000000e+02;1.013250000000e-02;1.991841428350e+01;5.020479972787e-02;2.801338241535e+01;8.388955387090e+00;4.041883920984e+02;2.023631323961e+02;1.093720928578e+00;7.969195685453e-01;1.372435778650e+00;5.263000549589e+02;1.093720927234e+00;7.969189057035e-01;1.372436924327e+00;5.262981987677e+02;1.126881561989e+04;1.167921480967e-01;4.022651849568e+02;1.007852674681e+02
7.000000000000e+02;7.000000000000e+02;1.013250000000e-02;2.050425099079e+01;4.877037451643e-02;2.801338202766e+01;8.420724595935e+00;4.261078193169e+02;2.183465225646e+02;1.098230357584e+00;8.014289934432e-01;1.370340188050e+00;5.335758484086e+02;1.098230356166e+00;8.014283306014e-01;1.370341325651e+00;5.335739745538e+02;1.188285330711e+04;1.231561514597e-01;4.241846121754e+02;1.007852674681e+02
7.200000000000e+02;7.200000000000e+02;1.013250000000e-02;2.109008767256e+01;4.741563977950e-02;2.801338165810e+01;8.451726389044e+00;4.481178410421e+02;2.344205072398e+02;1.102778875695e+00;8.059775076386e-01;1.368250187187e+00;5.407318556623e+02;1.102778874204e+00;8.059768447967e-01;1.368251316752e+00;5.407299639046e+02;1.249942885450e+04;1.295464576882e-01;4.461946339006e+02;1.007852674681e+02
7.400000000000e+02;7.400000000000e+02;1.013250000000e-02;2.167592433145e+01;4.613413410700e-02;2.801338130518e+01;8.482003772633e+00;4.702191486522e+02;2.505857777998e+02;1.107357533253e+00;8.105561614579e-01;1.366170027332e+00;5.477737144854e+02;1.107357531688e+00;8.105554986160e-01;1.366171148921e+00;5.477718046345e+02;1.311856162992e+04;1.359632675144e-01;4.682959415107e+02;1.007852674681e+02
7.600000000000e+02;7.600000000000e+02;1.013250000000e-02;2.226176096977e+01;4.492007624005e-02;2.801338096756e+01;8.511596079767e+00;4.924122597468e+02;2.668428518443e+02;1.111957888015e+00;8.151565126426e-01;1.364103544251e+00;5.547067100223e+02;1.111957886376e+00;8.151558498007e-01;1.364104657935e+00;5.547047819290e+02;1.374026613309e+04;1.424067312159e-01;4.904890526053e+02;1.007852674681e+02
7.800000000000e+02;7.800000000000e+02;1.013250000000e-02;2.284759758956e+01;4.376827787168e-02;2.801338064406e+01;8.540539364260e+00;5.146975274998e+02;2.831920825472e+02;1.116571928105e+00;8.197705493051e-01;1.362054210232e+00;5.615358071623e+02;1.116571926391e+00;8.197698864632e-01;1.362055316096e+00;5.615338607124e+02;1.436455225762e+04;1.488769513322e-01;5.127743203582e+02;1.007852674681e+02
8.000000000000e+02;8.000000000000e+02;1.013250000000e-02;2.343343419255e+01;4.267406952745e-02;2.801338033362e+01;8.568866742911e+00;5.370751486099e+02;2.996336666073e+02;1.121192008283e+00;8.243906261941e-01;1.360025178184e+00;5.682656791050e+02;1.121192006494e+00;8.243899633522e-01;1.360026276326e+00;5.682637142138e+02;1.499142551370e+04;1.553739849719e-01;5.351519414684e+02;1.007852674681e+02
8.200000000000e+02;8.200000000000e+02;1.013250000000e-02;2.401927078032e+01;4.163323729292e-02;2.801338003527e+01;8.596608694045e+00;5.595451700876e+02;3.161676510349e+02;1.125810796956e+00;8.290094117064e-01;1.358019319273e+00;5.749007326732e+02;1.125810795092e+00;8.290087488645e-01;1.358020409800e+00;5.748987492811e+02;1.562088721826e+04;1.618978457839e-01;5.576219629460e+02;1.007852674681e+02
8.400000000000e+02;8.400000000000e+02;1.013250000000e-02;2.460510735423e+01;4.064196858008e-02;2.801337974815e+01;8.623793318899e+00;5.821074950719e+02;3.327939389692e+02;1.130421231915e+00;8.336198436227e-01;1.356039255258e+00;5.814451308359e+02;1.130421229975e+00;8.336191807807e-01;1.356040338286e+00;5.814431289046e+02;1.625293465789e+04;1.684485056459e-01;5.801842879304e+02;1.007852674681e+02
8.600000000000e+02;8.600000000000e+02;1.013250000000e-02;2.519094391549e+01;3.969680546131e-02;2.801337947149e+01;8.650446571300e+00;6.047618878366e+02;3.495122946838e+02;1.135016483186e+00;8.382150919631e-01;1.354087386482e+00;5.879028128230e+02;1.135016481171e+00;8.382144291211e-01;1.354088462137e+00;5.879007923324e+02;1.688756122910e+04;1.750258961180e-01;6.028386806951e+02;1.007852674681e+02
8.800000000000e+02;8.800000000000e+02;1.013250000000e-02;2.577678046518e+01;3.879460436694e-02;2.801337920459e+01;8.676592460138e+00;6.275079781126e+02;3.663223479097e+02;1.139589921735e+00;8.427885276840e-01;1.352165916243e+00;5.942775121587e+02;1.139589919643e+00;8.427878648421e-01;1.352166984657e+00;5.942754731044e+02;1.752475655939e+04;1.816299096978e-01;6.255847709711e+02;1.007852674681e+02
9.000000000000e+02;9.000000000000e+02;1.013250000000e-02;2.636261700425e+01;3.793250115642e-02;2.801337894681e+01;8.702253228449e+00;6.503452648350e+02;3.832235975820e+02;1.144135092971e+00;8.473336961892e-01;1.350276872166e+00;6.005727728854e+02;1.144135090803e+00;8.473330333472e-01;1.350277933479e+00;6.005707152762e+02;1.816450661223e+04;1.882604009080e-01;6.484220576934e+02;1.007852674681e+02
9.200000000000e+02;9.200000000000e+02;1.013250000000e-02;2.694845353358e+01;3.710788074551e-02;2.801337869758e+01;8.727449512268e+00;6.732731194006e+02;4.002154150976e+02;1.148645694249e+00;8.518442948264e-01;1.348422125059e+00;6.067919642115e+02;1.148645692004e+00;8.518436319844e-01;1.348423179417e+00;6.067898880675e+02;1.880679377831e+04;1.949171872422e-01;6.713499122591e+02;1.007852674681e+02
9.400000000000e+02;9.400000000000e+02;1.013250000000e-02;2.753429005392e+01;3.631835061088e-02;2.801337845636e+01;8.752200481949e+00;6.962907885103e+02;4.172970471573e+02;1.153115555679e+00;8.563141537003e-01;1.346603405650e+00;6.129382937811e+02;1.153115553357e+00;8.563134908582e-01;1.346604453205e+00;6.129361991323e+02;1.945159695517e+04;2.016000499906e-01;6.943675813688e+02;1.007852674681e+02
9.600000000000e+02;9.600000000000e+02;1.013250000000e-02;2.812012656597e+01;3.556171760656e-02;2.801337822269e+01;8.776523968234e+00;7.193973966557e+02;4.344676182525e+02;1.157538623707e+00;8.607372192526e-01;1.344822319537e+00;6.190148197358e+02;1.157538621307e+00;8.607365564105e-01;1.344823360445e+00;6.190127066203e+02;2.009889161682e+04;2.083087349612e-01;7.174741895141e+02;1.007852674681e+02
9.800000000000e+02;9.800000000000e+02;1.013250000000e-02;2.870596307036e+01;3.483596761930e-02;2.801337799613e+01;8.800436575012e+00;7.425919483010e+02;4.517261328477e+02;1.161908947019e+00;8.651075401647e-01;1.343080360620e+00;6.250244617130e+02;1.161908944542e+00;8.651068773227e-01;1.343081395044e+00;6.250223301762e+02;2.074864987493e+04;2.150429531140e-01;7.406687411594e+02;1.007852674681e+02
1.000000000000e+03;1.000000000000e+03;1.013250000000e-02;2.929179956764e+01;3.413924766523e-02;2.801337777628e+01;8.823953780410e+00;7.658733298039e+02;4.690714773006e+02;1.166220664397e+00;8.694192552133e-01;1.341378923234e+00;6.309700109081e+02;1.166220661842e+00;8.694185923712e-01;1.341379951339e+00;6.309678610015e+02;2.140084053260e+04;2.218023811184e-01;7.639501226623e+02;1.007852674681e+02
1.020000000000e+03;1.020000000000e+03;1.013250000000e-02;2.987763605834e+01;3.346985009281e-02;2.801337756279e+01;8.847090027662e+00;7.892403111098e+02;4.865024215565e+02;1.170467994222e+00;8.736665827758e-01;1.339719313176e+00;6.368541393081e+02;1.170467991589e+00;8.736659199337e-01;1.339720335132e+00;6.368519710882e+02;2.205542913180e+04;2.285866618449e-01;7.873171039683e+02;1.007852674681e+02
1.040000000000e+03;1.040000000000e+03;1.013250000000e-02;3.046347254290e+01;3.282619860857e-02;2.801337735531e+01;8.869858806955e+00;8.126915472509e+02;5.040176206475e+02;1.174645225380e+00;8.778438117356e-01;1.338102757776e+00;6.426794081913e+02;1.174645222668e+00;8.778431488935e-01;1.338103773756e+00;6.426772217193e+02;2.271237799542e+04;2.353954048007e-01;8.107683401093e+02;1.007852674681e+02
1.060000000000e+03;1.060000000000e+03;1.013250000000e-02;3.104930902176e+01;3.220683588479e-02;2.801337715355e+01;8.892272729319e+00;8.362255796750e+02;5.216156160216e+02;1.178746709358e+00;8.819452935763e-01;1.336530415144e+00;6.484482759766e+02;1.178746706568e+00;8.819446307342e-01;1.336531425326e+00;6.484460713173e+02;2.337164626446e+04;2.422281865153e-01;8.343023725335e+02;1.007852674681e+02
1.080000000000e+03;1.080000000000e+03;1.013250000000e-02;3.163514549529e+01;3.161041254414e-02;2.801337695723e+01;8.914343593477e+00;8.598408374278e+02;5.392948367242e+02;1.182766853353e+00;8.859654354917e-01;1.335003382719e+00;6.541631054932e+02;1.182766850484e+00;8.859647726496e-01;1.335004387282e+00;6.541608827146e+02;2.403318993114e+04;2.490845508838e-01;8.579176302862e+02;1.007852674681e+02
1.100000000000e+03;1.100000000000e+03;1.013250000000e-02;3.222098196385e+01;3.103567734596e-02;2.801337676609e+01;8.936082446436e+00;8.835356382047e+02;5.570536004511e+02;1.186700114251e+00;8.898986943637e-01;1.333522705187e+00;6.598261707344e+02;1.186700111302e+00;8.898980315216e-01;1.333523704315e+00;6.598239299072e+02;2.469696186838e+04;2.559640094722e-01;8.816124310632e+02;1.007852674681e+02
1.120000000000e+03;1.120000000000e+03;1.013250000000e-02;3.280681842776e+01;3.048146842407e-02;2.801337657990e+01;8.957499638519e+00;9.073081892915e+02;5.748901144878e+02;1.190540993347e+00;8.937395714872e-01;1.332089381883e+00;6.654396631531e+02;1.190540990318e+00;8.937389086451e-01;1.332090375760e+00;6.654374043502e+02;2.536291185618e+04;2.628660417906e-01;9.053849821500e+02;1.007852674681e+02
1.140000000000e+03;1.140000000000e+03;1.013250000000e-02;3.339265488732e+01;2.994670544688e-02;2.801337639844e+01;8.978604873438e+00;9.311565884047e+02;5.928024765510e+02;1.194284031718e+00;8.974826079363e-01;1.330704373720e+00;6.710056975455e+02;1.194284028610e+00;8.974819450942e-01;1.330705362536e+00;6.710034208419e+02;2.603098660509e+04;2.697900955374e-01;9.292333812632e+02;1.007852674681e+02
1.160000000000e+03;1.160000000000e+03;1.013250000000e-02;3.397849134279e+01;2.943038258855e-02;2.801337622151e+01;8.999407253943e+00;9.550788244458e+02;6.107886755420e+02;1.197923806142e+00;9.011223804853e-01;1.329368609730e+00;6.765263175704e+02;1.197923802953e+00;9.011217176431e-01;1.329369593675e+00;6.765240230423e+02;2.670112977741e+04;2.767355868178e-01;9.531556173042e+02;1.007852674681e+02
1.180000000000e+03;1.180000000000e+03;1.013250000000e-02;3.456432779442e+01;2.893156221489e-02;2.801337604894e+01;9.019915323489e+00;9.790727781783e+02;6.288465922244e+02;1.201454925494e+00;9.046534980090e-01;1.328082993255e+00;6.820035009407e+02;1.201454922225e+00;9.046528351668e-01;1.328083972522e+00;6.820011886658e+02;2.737328200613e+04;2.837019003407e-01;9.771495710368e+02;1.007852674681e+02
1.200000000000e+03;1.200000000000e+03;1.013250000000e-02;3.515016424244e+01;2.844936920074e-02;2.801337588056e+01;9.040137104363e+00;1.003136222838e+03;6.469739998337e+02;1.204872027569e+00;9.080705982999e-01;1.326848407849e+00;6.874391643248e+02;1.204872024220e+00;9.080699354578e-01;1.326849382636e+00;6.874368343817e+02;2.804738091199e+04;2.906883895957e-01;1.001213015696e+03;1.007852674681e+02
1.220000000000e+03;1.220000000000e+03;1.013250000000e-02;3.573600068707e+01;2.798298580629e-02;2.801337571621e+01;9.060080122072e+00;1.027266811912e+03;6.651685518585e+02;1.208168396428e+00;9.113669654178e-01;1.325666215995e+00;6.928352968333e+02;1.208168392998e+00;9.113663025756e-01;1.325667186500e+00;6.928329493016e+02;2.872336076124e+04;2.976943733056e-01;1.025343604771e+03;1.007852674681e+02
1.240000000000e+03;1.240000000000e+03;1.013250000000e-02;3.632183712850e+01;2.753164704919e-02;2.801337555575e+01;9.079751475663e+00;1.051462126164e+03;6.834278290604e+02;1.211345760725e+00;9.145443280144e-01;1.324534769523e+00;6.981930488151e+02;1.211345757214e+00;9.145436651722e-01;1.324535735939e+00;6.981906837749e+02;2.940115378277e+04;3.047191490780e-01;1.049538919023e+03;1.007852674681e+02
1.260000000000e+03;1.260000000000e+03;1.013250000000e-02;3.690767356691e+01;2.709463651745e-02;2.801337539904e+01;9.099158010525e+00;1.075719855390e+03;7.017495212360e+02;1.214411016251e+00;9.176095818805e-01;1.323450670341e+00;7.035130362459e+02;1.214411012659e+00;9.176089190383e-01;1.323451632849e+00;7.035106537786e+02;3.008069525995e+04;3.117620461772e-01;1.073796648249e+03;1.007852674681e+02
1.280000000000e+03;1.280000000000e+03;1.013250000000e-02;3.749351000246e+01;2.667128257488e-02;2.801337524595e+01;9.118306352995e+00;1.100037821924e+03;7.201314507197e+02;1.217370529566e+00;9.205690935734e-01;1.322410819638e+00;7.087958737947e+02;1.217370525892e+00;9.205684307312e-01;1.322411778405e+00;7.087934739820e+02;3.076192418894e+04;3.188224323479e-01;1.098114614782e+03;1.007852674681e+02
1.300000000000e+03;1.300000000000e+03;1.013250000000e-02;3.807934643532e+01;2.626095491682e-02;2.801337509637e+01;9.137202916119e+00;1.124413970547e+03;7.385715622932e+02;1.220230186467e+00;9.234287488892e-01;1.321412386104e+00;7.140421728280e+02;1.220230182711e+00;9.234280860470e-01;1.321413341286e+00;7.140397557524e+02;3.144478299610e+04;3.258997108858e-01;1.122490763406e+03;1.007852674681e+02
1.320000000000e+03;1.320000000000e+03;1.013250000000e-02;3.866518286563e+01;2.586306143890e-02;2.801337495016e+01;9.155853905680e+00;1.148846359316e+03;7.570679140114e+02;1.222995435361e+00;9.261939962340e-01;1.320452778072e+00;7.192525397773e+02;1.222995431523e+00;9.261933333918e-01;1.320453729816e+00;7.192501055214e+02;3.212921728095e+04;3.329933179741e-01;1.146923152174e+03;1.007852674681e+02
1.340000000000e+03;1.340000000000e+03;1.013250000000e-02;3.925101929352e+01;2.547704538631e-02;2.801337480722e+01;9.174265326378e+00;1.173333151205e+03;7.756186688511e+02;1.225671326138e+00;9.288698854975e-01;1.319529619030e+00;7.244275748073e+02;1.225671322219e+00;9.288692226552e-01;1.319530567474e+00;7.244251234541e+02;3.281517558220e+04;3.401027202584e-01;1.171409944064e+03;1.007852674681e+02
1.360000000000e+03;1.360000000000e+03;1.013250000000e-02;3.983685571912e+01;2.510238275457e-02;2.801337466744e+01;9.192442988109e+00;1.197872606500e+03;7.942220870952e+02;1.228262545077e+00;9.314611029550e-01;1.318640726038e+00;7.295678707395e+02;1.228262541075e+00;9.314604401127e-01;1.318641671311e+00;7.295654023719e+02;3.350260916449e+04;3.472274126357e-01;1.195949399358e+03;1.007852674681e+02
1.380000000000e+03;1.380000000000e+03;1.013250000000e-02;4.042269214254e+01;2.473857991630e-02;2.801337453071e+01;9.210392512265e+00;1.222463075835e+03;8.128765193803e+02;1.230773446226e+00;9.339720026549e-01;1.317784090665e+00;7.346740121884e+02;1.230773442142e+00;9.339713398126e-01;1.317785032888e+00;7.346715268893e+02;3.419147182352e+04;3.543669162362e-01;1.220539868693e+03;1.007852674681e+02
1.400000000000e+03;1.400000000000e+03;1.013250000000e-02;4.100852856389e+01;2.438517145140e-02;2.801337439693e+01;9.228119338011e+00;1.247102993844e+03;8.315804003396e+02;1.233208079678e+00;9.364066346896e-01;1.316957862101e+00;7.397465748781e+02;1.233208075511e+00;9.364059718473e-01;1.316958801388e+00;7.397440727302e+02;3.488171970805e+04;3.615207765772e-01;1.245179786703e+03;1.007852674681e+02
1.420000000000e+03;1.420000000000e+03;1.013250000000e-02;4.159436498328e+01;2.404171816067e-02;2.801337426600e+01;9.245628728492e+00;1.271790873338e+03;8.503322427831e+02;1.235570217075e+00;9.387687706993e-01;1.316160332170e+00;7.447861251089e+02;1.235570212825e+00;9.387681078571e-01;1.316161268629e+00;7.447836061948e+02;3.557331115683e+04;3.686885618737e-01;1.269867666196e+03;1.007852674681e+02
1.440000000000e+03;1.440000000000e+03;1.013250000000e-02;4.218020140080e+01;2.370780524488e-02;2.801337413784e+01;9.262925776957e+00;1.296525299968e+03;8.691306323631e+02;1.237863374647e+00;9.410619269138e-01;1.315389922007e+00;7.497932193523e+02;1.237863370315e+00;9.410612640715e-01;1.315390855739e+00;7.497906837542e+02;3.626620654918e+04;3.758698614892e-01;1.294602092826e+03;1.007852674681e+02
1.460000000000e+03;1.460000000000e+03;1.013250000000e-02;4.276603781655e+01;2.338304063354e-02;2.801337401235e+01;9.280015412749e+00;1.321304927332e+03;8.879742226775e+02;1.240090834062e+00;9.432893849996e-01;1.314645170170e+00;7.547684039519e+02;1.240090829647e+00;9.432887221574e-01;1.314646101271e+00;7.547658517516e+02;3.696036816779e+04;3.830642845145e-01;1.319381720191e+03;1.007852674681e+02
1.480000000000e+03;1.480000000000e+03;1.013250000000e-02;4.335187423059e+01;2.306705344920e-02;2.801337388945e+01;9.296902407169e+00;1.346128472476e+03;9.068617307711e+02;1.242255661314e+00;9.454542109494e-01;1.313924722030e+00;7.597122149142e+02;1.242255656816e+00;9.454535481071e-01;1.313925650592e+00;7.597096461931e+02;3.765576007272e+04;3.902714584613e-01;1.344205265334e+03;1.007852674681e+02
1.500000000000e+03;1.500000000000e+03;1.013250000000e-02;4.393771064302e+01;2.275949259452e-02;2.801337376906e+01;9.313591379183e+00;1.370994711751e+03;9.257919329957e+02;1.244360723860e+00;9.475592722192e-01;1.313227320277e+00;7.646251777752e+02;1.244360719278e+00;9.475586093769e-01;1.313228246384e+00;7.646225926142e+02;3.835234798543e+04;3.974910280601e-01;1.369071504609e+03;1.007852674681e+02
1.520000000000e+03;1.520000000000e+03;1.013250000000e-02;4.452354705391e+01;2.246002545101e-02;2.801337365109e+01;9.330086800966e+00;1.395902477003e+03;9.447636611979e+02;1.246408706189e+00;9.496072532988e-01;1.312551796397e+00;7.695078075301e+02;1.246408701524e+00;9.496065904565e-01;1.312552720132e+00;7.695052060095e+02;3.905009918198e+04;4.047226541537e-01;1.393979269861e+03;1.007852674681e+02
1.540000000000e+03;1.540000000000e+03;1.013250000000e-02;4.510938346332e+01;2.216833667906e-02;2.801337353548e+01;9.346393003282e+00;1.420850652059e+03;9.637757992038e+02;1.248402123990e+00;9.516006698752e-01;1.311897063034e+00;7.743606086153e+02;1.248402119242e+00;9.516000070329e-01;1.311897984474e+00;7.743579908149e+02;3.974898239453e+04;4.119660126765e-01;1.418927444917e+03;1.007852674681e+02
1.560000000000e+03;1.560000000000e+03;1.013250000000e-02;4.569521987133e+01;2.188412711036e-02;2.801337342215e+01;9.362514180687e+00;1.445838169479e+03;9.828272795738e+02;1.250343337049e+00;9.535418817335e-01;1.311262107099e+00;7.791840749353e+02;1.250343332217e+00;9.535412188912e-01;1.311263026317e+00;7.791814409344e+02;4.044896772047e+04;4.192207937121e-01;1.443914962338e+03;1.007852674681e+02
1.580000000000e+03;1.580000000000e+03;1.013250000000e-02;4.628105627800e+01;2.160711272433e-02;2.801337331102e+01;9.378454396564e+00;1.470864007560e+03;1.001917080604e+03;1.252234561015e+00;9.554331045221e-01;1.310645983574e+00;7.839786899255e+02;1.252234556099e+00;9.554324416798e-01;1.310646900640e+00;7.839760398026e+02;4.115002653840e+04;4.264867006229e-01;1.468940800418e+03;1.007852674681e+02
1.600000000000e+03;1.600000000000e+03;1.013250000000e-02;4.686689705748e+01;2.133702171009e-02;2.801337320204e+01;9.394217615674e+00;1.495927187559e+03;1.021044223553e+03;1.254077878142e+00;9.572764204943e-01;1.310047809905e+00;7.887449266455e+02;1.254077873142e+00;9.572757576519e-01;1.310048724886e+00;7.887422972853e+02;4.185213143046e+04;4.337634492448e-01;1.494003980418e+03;1.007852674681e+02
1.620000000000e+03;1.620000000000e+03;1.013250000000e-02;4.745273986998e+01;2.107359875826e-02;2.801337309514e+01;9.409807637780e+00;1.521026771131e+03;1.040207770075e+03;1.255875247109e+00;9.590737883285e-01;1.309466760944e+00;7.934832478975e+02;1.255875243254e+00;9.590731266807e-01;1.309467673553e+00;7.934806558066e+02;4.255525611036e+04;4.410507671418e-01;1.519103563989e+03;1.007852674681e+02
1.640000000000e+03;1.640000000000e+03;1.013250000000e-02;4.803858245676e+01;2.081660092489e-02;2.801337299025e+01;9.425228146782e+00;1.546161857942e+03;1.059406819835e+03;1.257628512006e+00;9.608270521144e-01;1.308902064361e+00;7.981941063642e+02;1.257628508689e+00;9.608263910702e-01;1.308902974834e+00;7.981915491323e+02;4.325937535670e+04;4.483483929146e-01;1.544238650800e+03;1.007852674681e+02
1.660000000000e+03;1.660000000000e+03;1.013250000000e-02;4.862442483347e+01;2.056579596417e-02;2.801337288731e+01;9.440482728368e+00;1.571331583466e+03;1.078640508309e+03;1.259339410569e+00;9.625379495862e-01;1.308352996482e+00;8.028779447641e+02;1.259339408075e+00;9.625372894232e-01;1.308353904798e+00;8.028754200854e+02;4.396446495119e+04;4.556560755601e-01;1.569408376325e+03;1.007852674681e+02
1.680000000000e+03;1.680000000000e+03;1.013250000000e-02;4.921026701438e+01;2.032096269073e-02;2.801337278626e+01;9.455574859601e+00;1.596535116934e+03;1.097908004726e+03;1.261009581727e+00;9.642081196738e-01;1.307818878515e+00;8.075351960191e+02;1.261009580462e+00;9.642074607853e-01;1.307819784618e+00;8.075327017430e+02;4.467050162113e+04;4.629735738757e-01;1.594611909792e+03;1.007852674681e+02
1.700000000000e+03;1.700000000000e+03;1.013250000000e-02;4.979610901260e+01;2.008189032896e-02;2.801337268704e+01;9.470507912929e+00;1.621771659428e+03;1.117208510168e+03;1.262640572540e+00;9.658391094359e-01;1.307299073111e+00;8.121662834325e+02;1.262640573074e+00;9.658384523737e-01;1.307299976899e+00;8.121638175452e+02;4.537746298611e+04;4.703006559066e-01;1.619848452286e+03;1.007852674681e+02
1.720000000000e+03;1.720000000000e+03;1.013250000000e-02;5.038195084016e+01;1.984837790765e-02;2.801337258957e+01;9.485285160048e+00;1.647040442109e+03;1.136541255796e+03;1.264233844569e+00;9.674323804319e-01;1.306792981236e+00;8.167716208747e+02;1.264233847693e+00;9.674317259635e-01;1.306793882543e+00;8.167691814810e+02;4.608532750837e+04;4.776370984313e-01;1.645117234967e+03;1.007852674681e+02
1.740000000000e+03;1.740000000000e+03;1.013250000000e-02;5.096779250810e+01;1.962023369643e-02;2.801337249380e+01;9.499909775610e+00;1.672340724570e+03;1.155905501204e+03;1.265790779736e+00;9.689893145848e-01;1.306300039313e+00;8.213516129752e+02;1.265790786543e+00;9.689886637684e-01;1.306300937893e+00;8.213491982799e+02;4.679407444658e+04;4.849826864825e-01;1.670417517428e+03;1.007852674681e+02
1.760000000000e+03;1.760000000000e+03;1.013250000000e-02;5.155363402662e+01;1.939727468065e-02;2.801337239966e+01;9.514384840778e+00;1.697671793297e+03;1.175300532877e+03;1.267312685728e+00;9.705112195790e-01;1.305819716621e+00;8.259066553179e+02;1.267312697713e+00;9.705105738620e-01;1.305820612118e+00;8.259042636062e+02;4.750368381278e+04;4.923372129017e-01;1.695748586155e+03;1.007852674681e+02
1.780000000000e+03;1.780000000000e+03;1.013250000000e-02;5.213947540512e+01;1.917932607166e-02;2.801337230707e+01;9.528713346646e+00;1.723032960240e+03;1.194725662763e+03;1.268800800968e+00;9.719993338374e-01;1.305351512905e+00;8.304371346396e+02;1.268800820161e+00;9.719986951841e-01;1.305352404822e+00;8.304347642562e+02;4.821413633236e+04;4.997004779227e-01;1.721109753099e+03;1.007852674681e+02
1.800000000000e+03;1.800000000000e+03;1.013250000000e-02;5.272516483170e+01;1.896627546243e-02;2.801337221594e+01;9.542897342887e+00;1.748423561475e+03;1.214180226939e+03;1.270256299208e+00;9.734548311128e-01;1.304894956201e+00;8.349434290296e+02;1.270256328345e+00;9.734542021686e-01;1.304895843852e+00;8.349398762625e+02;4.892541340653e+04;5.070722887842e-01;1.746500354334e+03;1.007852674681e+02
1.820000000000e+03;1.820000000000e+03;1.013250000000e-02;5.331100853960e+01;1.875785184700e-02;2.801337212619e+01;9.556941383203e+00;1.773842955958e+03;1.233663584358e+03;1.271680293775e+00;9.748788247284e-01;1.304449600830e+00;8.394259081295e+02;1.271680336512e+00;9.748782090296e-01;1.304450483289e+00;8.394224006299e+02;4.963749707746e+04;5.144524593681e-01;1.771919748817e+03;1.007852674681e+02
1.840000000000e+03;1.840000000000e+03;1.013250000000e-02;5.389685201550e+01;1.855395932424e-02;2.801337203769e+01;9.570847328071e+00;1.799290524361e+03;1.253175115692e+03;1.273073841481e+00;9.762723714968e-01;1.304015025570e+00;8.438849333327e+02;1.273073902675e+00;9.762717737375e-01;1.304015901597e+00;8.438814682122e+02;5.035036999569e+04;5.218408098611e-01;1.797367317219e+03;1.007852674681e+02
1.860000000000e+03;1.860000000000e+03;1.013250000000e-02;5.448269527321e+01;1.835445172059e-02;2.801337195033e+01;9.584617839883e+00;1.824765667984e+03;1.272714222239e+03;1.274437946257e+00;9.776364753468e-01;1.303590831965e+00;8.483208579827e+02;1.274438032314e+00;9.776359017150e-01;1.303591699918e+00;8.483174323693e+02;5.106401538962e+04;5.292371664391e-01;1.822842460842e+03;1.007852674681e+02
1.880000000000e+03;1.880000000000e+03;1.013250000000e-02;5.506853832564e+01;1.815918908337e-02;2.801337186393e+01;9.598255506089e+00;1.850267807742e+03;1.292280324911e+03;1.275773562505e+00;9.789720906799e-01;1.303176642777e+00;8.527340275690e+02;1.275773681817e+00;9.789715492794e-01;1.303177500505e+00;8.527306385571e+02;5.177841703709e+04;5.366413609725e-01;1.848344600601e+03;1.007852674681e+02
1.900000000000e+03;1.900000000000e+03;1.013250000000e-02;5.565438118487e+01;1.796803735322e-02;2.801337177831e+01;9.611762841863e+00;1.875796383214e+03;1.311872863283e+03;1.277081598215e+00;9.802801254829e-01;1.302772100563e+00;8.571247799212e+02;1.277081761704e+00;9.802796268574e-01;1.302772945263e+00;8.571214245120e+02;5.249355923876e+04;5.440532307506e-01;1.873873176072e+03;1.007852674681e+02
1.920000000000e+03;1.920000000000e+03;1.013250000000e-02;5.624022386223e+01;1.778086805717e-02;2.801337169323e+01;9.625142292667e+00;1.901350851754e+03;1.331491294705e+03;1.278362917846e+00;9.815614442122e-01;1.302376866353e+00;8.614934454001e+02;1.278363139643e+00;9.815610019959e-01;1.302377694410e+00;8.614901204319e+02;5.320942679332e+04;5.514726182240e-01;1.899427644612e+03;1.007852674681e+02
1.940000000000e+03;1.940000000000e+03;1.013250000000e-02;5.682606636844e+01;1.759755802058e-02;2.801337160838e+01;9.638396236714e+00;1.926930687665e+03;1.351135093475e+03;1.279618345006e+00;9.828168704737e-01;1.301990618445e+00;8.658403470859e+02;1.279618643280e+00;9.828165021909e-01;1.301991425218e+00;8.658370491506e+02;5.392600497421e+04;5.588993707637e-01;1.925007480524e+03;1.007852674681e+02
1.960000000000e+03;1.960000000000e+03;1.013250000000e-02;5.741190871371e+01;1.741798909677e-02;2.801337152339e+01;9.651526987328e+00;1.952535381427e+03;1.370803750063e+03;1.280848664943e+00;9.840471895099e-01;1.301613051282e+00;8.701658009623e+02;1.280849062920e+00;9.840469175539e-01;1.301613830855e+00;8.701625263066e+02;5.464327950801e+04;5.663333404375e-01;1.950612174285e+03;1.007852674681e+02
1.980000000000e+03;1.980000000000e+03;1.013250000000e-02;5.799775090780e+01;1.724204791303e-02;2.801337143781e+01;9.664536795216e+00;1.978164438971e+03;1.390496770393e+03;1.282054626853e+00;9.852531505136e-01;1.301243874415e+00;8.744701160982e+02;1.282055154060e+00;9.852530033387e-01;1.301244619294e+00;8.744668605050e+02;5.536123655420e+04;5.737743837995e-01;1.976241231829e+03;1.007852674681e+02
2.000000000000e+03;2.000000000000e+03;1.013250000000e-02;5.858359296017e+01;1.706962563187e-02;2.801337135106e+01;9.677427850647e+00;2.003817381013e+03;1.410213675165e+03;1.283236946038e+00;9.864354687795e-01;1.300882811550e+00;8.787535948249e+02;1.283237639802e+00;9.864354823443e-01;1.300883512294e+00;8.787503534715e+02;5.607986268638e+04;5.812223616959e-01;2.001894173871e+03;1.007852674681e+02
2.020000000000e+03;2.020000000000e+03;1.013250000000e-02;5.916943488009e+01;1.690061772648e-02;2.801337126243e+01;9.690202285546e+00;2.029493742423e+03;1.429953999237e+03;1.284396305906e+00;9.875948277082e-01;1.300529599661e+00;8.830165329096e+02;1.284397213168e+00;9.875950472144e-01;1.300530244441e+00;8.830133001992e+02;5.679914487472e+04;5.886771390831e-01;2.027570535282e+03;1.007852674681e+02
2.040000000000e+03;2.040000000000e+03;1.013250000000e-02;5.975527667674e+01;1.673492376932e-02;2.801337117102e+01;9.702862175510e+00;2.055193071654e+03;1.449717291037e+03;1.285533359839e+00;9.887318806725e-01;1.300183988165e+00;8.872592197253e+02;1.285534539328e+00;9.887323626498e-01;1.300184562241e+00;8.872559890857e+02;5.751907046977e+04;5.961385848599e-01;2.053269864512e+03;1.007852674681e+02
2.060000000000e+03;2.060000000000e+03;1.013250000000e-02;6.034111835938e+01;1.657244723315e-02;2.801337107573e+01;9.715409541745e+00;2.080914930196e+03;1.469503112032e+03;1.286648732934e+00;9.898472527582e-01;1.299845738167e+00;8.914819384165e+02;1.286650257765e+00;9.898480675519e-01;1.299846223259e+00;8.914787020612e+02;5.823962718748e+04;6.036065717118e-01;2.078991723055e+03;1.007852674681e+02
2.080000000000e+03;2.080000000000e+03;1.013250000000e-02;6.092695993750e+01;1.641309530339e-02;2.801337097520e+01;9.727846352930e+00;2.106658892095e+03;1.489311036234e+03;1.287743023629e+00;9.909415423873e-01;1.299514621747e+00;8.956849660615e+02;1.287744984380e+00;9.909427771130e-01;1.299514995300e+00;8.956817147071e+02;5.896080309534e+04;6.110809759683e-01;2.104735684954e+03;1.007852674681e+02
2.100000000000e+03;2.100000000000e+03;1.013250000000e-02;6.151280142098e+01;1.625677870133e-02;2.801337086776e+01;9.740174527011e+00;2.132424543493e+03;1.509140649745e+03;1.288816805214e+00;9.920153228348e-01;1.299190421305e+00;8.998685738299e+02;1.288819313583e+00;9.920170848717e-01;1.299190655618e+00;8.998652963624e+02;5.968258659982e+04;6.185616774716e-01;2.130501336351e+03;1.007852674681e+02
2.120000000000e+03;2.120000000000e+03;1.013250000000e-02;6.209864282035e+01;1.610341151727e-02;2.801337075137e+01;9.752395932935e+00;2.158211482223e+03;1.528991550348e+03;1.289870627257e+00;9.930691436444e-01;1.298872928952e+00;9.040330271374e+02;1.289873820352e+00;9.930715647483e-01;1.298872990162e+00;9.040297102199e+02;6.040496643486e+04;6.260485594583e-01;2.156288275081e+03;1.007852674681e+02
2.140000000000e+03;2.140000000000e+03;1.013250000000e-02;6.268448414693e+01;1.595291105301e-02;2.801337062351e+01;9.764512392311e+00;2.184019317442e+03;1.548863347135e+03;1.290905016920e+00;9.941035319529e-01;1.298561945942e+00;9.081785857959e+02;1.290909062303e+00;9.941067730777e-01;1.298561792830e+00;9.081752134089e+02;6.112793165159e+04;6.335415084522e-01;2.182096110300e+03;1.007852674681e+02
2.160000000000e+03;2.160000000000e+03;1.013250000000e-02;6.327032541323e+01;1.580519767314e-02;2.801337048114e+01;9.776525681026e+00;2.209847669301e+03;1.568755660183e+03;1.291920480204e+00;9.951189937283e-01;1.298257282141e+00;9.123055041604e+02;1.291925581779e+00;9.951232506553e-01;1.298256864755e+00;9.123020570650e+02;6.185147160919e+04;6.410404141697e-01;2.207924462159e+03;1.007852674681e+02
2.180000000000e+03;2.180000000000e+03;1.013250000000e-02;6.385616663314e+01;1.566019466444e-02;2.801337032057e+01;9.788437530799e+00;2.235696168664e+03;1.588668120260e+03;1.292917503107e+00;9.961160149297e-01;1.297958755535e+00;9.164140312724e+02;1.292923907970e+00;9.961215248136e-01;1.297958013586e+00;9.164104863856e+02;6.257557596687e+04;6.485451694371e-01;2.233772961522e+03;1.007852674681e+02
2.200000000000e+03;2.200000000000e+03;1.013250000000e-02;6.444200782238e+01;1.551782810300e-02;2.801337013733e+01;9.800249630679e+00;2.261564456865e+03;1.608600368585e+03;1.293896552711e+00;9.970950625924e-01;1.297666191774e+00;9.205044109990e+02;1.293904559092e+00;9.971021115449e-01;1.297665052792e+00;9.205007406705e+02;6.330023467720e+04;6.560556701206e-01;2.259641249723e+03;1.007852674681e+02
2.220000000000e+03;2.220000000000e+03;1.013250000000e-02;6.502784899890e+01;1.537802672847e-02;2.801336992607e+01;9.811963628507e+00;2.287452185511e+03;1.628552056623e+03;1.294858078202e+00;9.980565858455e-01;1.297379423738e+00;9.245768821699e+02;1.294868044634e+00;9.980655176876e-01;1.297377800951e+00;9.245730533453e+02;6.402543798051e+04;6.635718150694e-01;2.285528978370e+03;1.007852674681e+02
2.240000000000e+03;2.240000000000e+03;1.013250000000e-02;6.561369018336e+01;1.524072182506e-02;2.801336968034e+01;9.823581132324e+00;2.313359016332e+03;1.648522845934e+03;1.295802511827e+00;9.990010168663e-01;1.297098291142e+00;9.286316787100e+02;1.295814867693e+00;9.990122431919e-01;1.297096081046e+00;9.286276519686e+02;6.475117640067e+04;6.710935060710e-01;2.311435809191e+03;1.007852674681e+02
2.260000000000e+03;2.260000000000e+03;1.013250000000e-02;6.619953139967e+01;1.510584710884e-02;2.801336939247e+01;9.835103711738e+00;2.339284621075e+03;1.668512408058e+03;1.296730269785e+00;9.999287717748e-01;1.296822640160e+00;9.326690297699e+02;1.296745527416e+00;9.999427834829e-01;1.296819719750e+00;9.326647582201e+02;6.547744074221e+04;6.786206478218e-01;2.337361413933e+03;1.007852674681e+02
2.280000000000e+03;2.280000000000e+03;1.013250000000e-02;6.678537267570e+01;1.497333862096e-02;2.801336905332e+01;9.846532899260e+00;2.365228681451e+03;1.688520424461e+03;1.297641753077e+00;1.000840251474e+00;1.296552323077e+00;9.366891598523e+02;1.297660521571e+00;1.000857631938e+00;1.296548546697e+00;9.366845878695e+02;6.620422208882e+04;6.861531479114e-01;2.363305474310e+03;1.007852674681e+02
2.300000000000e+03;2.300000000000e+03;1.013250000000e-02;6.737121404397e+01;1.484313462642e-02;2.801336865203e+01;9.857870191595e+00;2.391190889138e+03;1.708546586521e+03;1.298537348294e+00;1.001735842439e+00;1.296287197963e+00;9.406922889370e+02;1.298560349249e+00;1.001757282493e+00;1.296282393734e+00;9.406873507244e+02;6.693151180327e+04;6.936909168221e-01;2.389267681996e+03;1.007852674681e+02
2.320000000000e+03;2.320000000000e+03;1.013250000000e-02;6.795705554252e+01;1.471517551808e-02;2.801336817578e+01;9.869117050908e+00;2.417170945828e+03;1.728590595579e+03;1.299417428358e+00;1.002615917457e+00;1.296027128368e+00;9.446786326020e+02;1.299445513740e+00;1.002642232402e+00;1.296021094159e+00;9.446732505562e+02;6.765930152903e+04;7.012338679451e-01;2.415247738687e+03;1.007852674681e+02
2.340000000000e+03;2.340000000000e+03;1.013250000000e-02;6.854289721590e+01;1.458940372553e-02;2.801336760948e+01;9.880274906060e+00;2.443168563352e+03;1.748652163039e+03;1.300282353229e+00;1.003480836328e+00;1.295771983038e+00;9.486484021432e+02;1.300316525581e+00;1.003512985155e+00;1.295764481921e+00;9.486424850033e+02;6.838758319342e+04;7.087819176135e-01;2.441245356210e+03;1.007852674681e+02
2.360000000000e+03;2.360000000000e+03;1.013250000000e-02;6.912873911625e+01;1.446576362862e-02;2.801336693537e+01;9.891345153814e+00;2.469183463845e+03;1.768731010539e+03;1.301132470560e+00;1.004330946517e+00;1.295521635645e+00;9.526018046913e+02;1.301173905799e+00;1.004370053589e+00;1.295512390801e+00;9.525952454490e+02;6.911634901257e+04;7.163349851540e-01;2.467260256704e+03;1.007852674681e+02
2.380000000000e+03;2.380000000000e+03;1.013250000000e-02;6.971458130459e+01;1.434420147531e-02;2.801336613271e+01;9.902329160025e+00;2.495215380001e+03;1.788826870178e+03;1.301968116316e+00;1.005166583769e+00;1.295275964542e+00;9.565390433264e+02;1.302018189380e+00;1.005213963187e+00;1.295264653556e+00;9.565317168738e+02;6.984559149828e+04;7.238929929572e-01;2.493292172859e+03;1.007852674681e+02
2.400000000000e+03;2.400000000000e+03;1.013250000000e-02;7.030042385227e+01;1.422466530360e-02;2.801336517724e+01;9.913228260805e+00;2.521264055380e+03;1.808939484820e+03;1.302789615367e+00;1.005988072696e+00;1.295034852526e+00;9.604603171920e+02;1.302849928966e+00;1.006045255607e+00;1.295021101019e+00;9.604520776814e+02;7.057530346683e+04;7.314558665700e-01;2.519340848239e+03;1.007852674681e+02
2.420000000000e+03;2.420000000000e+03;1.013250000000e-02;7.088626684255e+01;1.410710486731e-02;2.801336404076e+01;9.924043763672e+00;2.547329244808e+03;1.829068608469e+03;1.303597282030e+00;1.006795727318e+00;1.294798186621e+00;9.643658216057e+02;1.303669698807e+00;1.006864492439e+00;1.294781561169e+00;9.643564994952e+02;7.130547805001e+04;7.390235348088e-01;2.545406037666e+03;1.007852674681e+02
2.440000000000e+03;2.440000000000e+03;1.013250000000e-02;7.147190048628e+01;1.399151265317e-02;2.801336269057e+01;9.934776077090e+00;2.573410714830e+03;1.849214006711e+03;1.304391420599e+00;1.007589851582e+00;1.294565857874e+00;9.682557481694e+02;1.304478098864e+00;1.007672259094e+00;1.294545858179e+00;9.682437252553e+02;7.203610870800e+04;7.465959298937e-01;2.571487507688e+03;1.007852674681e+02
2.460000000000e+03;2.460000000000e+03;1.013250000000e-02;7.205774618174e+01;1.387775850604e-02;2.801336108880e+01;9.945428211308e+00;2.599508244327e+03;1.869375457303e+03;1.305172325832e+00;1.008370739845e+00;1.294337761162e+00;9.721302848790e+02;1.305275759793e+00;1.008469169553e+00;1.294313811255e+00;9.721167717623e+02;7.276718924651e+04;7.541729876257e-01;2.597585037185e+03;1.007852674681e+02
2.480000000000e+03;2.480000000000e+03;1.013250000000e-02;7.264359261204e+01;1.376583899616e-02;2.801335919178e+01;9.956000509514e+00;2.625621625098e+03;1.889552750737e+03;1.305940283418e+00;1.009138677331e+00;1.294113795015e+00;9.759896162315e+02;1.306063347098e+00;1.009255870258e+00;1.294085233750e+00;9.759743504968e+02;7.349871383309e+04;7.617546475564e-01;2.623698417956e+03;1.007852674681e+02
2.500000000000e+03;2.500000000000e+03;1.013250000000e-02;7.322943993080e+01;1.365571006613e-02;2.801335694928e+01;9.966494176146e+00;2.651750662658e+03;1.909745691010e+03;1.306695570415e+00;1.009893940569e+00;1.293893861447e+00;9.798339233322e+02;1.306841566712e+00;1.010033045417e+00;1.293859931901e+00;9.798166033378e+02;7.423067701957e+04;7.693408532200e-01;2.649827455517e+03;1.007852674681e+02
2.520000000000e+03;2.520000000000e+03;1.013250000000e-02;7.381528831520e+01;1.354732905370e-02;2.801335430363e+01;9.976910392652e+00;2.677895177091e+03;1.929954096445e+03;1.307438455669e+00;1.010636797792e+00;1.293677865802e+00;9.836633840023e+02;1.307611170389e+00;1.010801422081e+00;1.293637703667e+00;9.836436638973e+02;7.496307376587e+04;7.769315523799e-01;2.675971969949e+03;1.007852674681e+02
2.540000000000e+03;2.540000000000e+03;1.013250000000e-02;7.440113796916e+01;1.344065463642e-02;2.801335118887e+01;9.987250318604e+00;2.704055004020e+03;1.950177800636e+03;1.308169200205e+00;1.011367509328e+00;1.293465716607e+00;9.874781728845e+02;1.308372961562e+00;1.011561775669e+00;1.293418337480e+00;9.874556571212e+02;7.569589946728e+04;7.845266973122e-01;2.702131796879e+03;1.007852674681e+02
2.560000000000e+03;2.560000000000e+03;1.013250000000e-02;7.498698912701e+01;1.333564677875e-02;2.801334752965e+01;9.997515092811e+00;2.730229995709e+03;1.970416653502e+03;1.308888057606e+00;1.012086327959e+00;1.293257325435e+00;9.912784615504e+02;1.309127801576e+00;1.012314935834e+00;1.293201610928e+00;9.912526988528e+02;7.642914998514e+04;7.921262451229e-01;2.728306788567e+03;1.007852674681e+02
2.580000000000e+03;2.580000000000e+03;1.013250000000e-02;7.557284205741e+01;1.323226668173e-02;2.801334324018e+01;1.000770583444e+01;2.756420022278e+03;1.990670522475e+03;1.309595274359e+00;1.012793499265e+00;1.293052606784e+00;9.950644186067e+02;1.309876616318e+00;1.013061792696e+00;1.292987289382e+00;9.950348953598e+02;7.716282168115e+04;7.997301581041e-01;2.754496815137e+03;1.007852674681e+02
2.600000000000e+03;2.600000000000e+03;1.013250000000e-02;7.615869706782e+01;1.313047673478e-02;2.801333822302e+01;1.001782364417e+01;2.782624973073e+03;2.010939293814e+03;1.310291090200e+00;1.013489261949e+00;1.292851477953e+00;9.988362098031e+02;1.310620403253e+00;1.013803303450e+00;1.292775124548e+00;9.988023428221e+02;7.789691145545e+04;8.073384041282e-01;2.780701765932e+03;1.007852674681e+02
2.620000000000e+03;2.620000000000e+03;1.013250000000e-02;7.674455450930e+01;1.303024046975e-02;2.801333236769e+01;1.002786960528e+01;2.808844758164e+03;2.031222874060e+03;1.310975738429e+00;1.014173848141e+00;1.292653858934e+00;1.002593998141e+03;1.311360238883e+00;1.014540499361e+00;1.292564852970e+00;1.002555126782e+03;7.863141678882e+04;8.149509570855e-01;2.806921551022e+03;1.007852674681e+02
2.640000000000e+03;2.640000000000e+03;1.013250000000e-02;7.733041478196e+01;1.293152251698e-02;2.801332554927e+01;1.003784478488e+01;2.835079310006e+03;2.051521191642e+03;1.311649446215e+00;1.014847483685e+00;1.292459672316e+00;1.006337943981e+03;1.312097286646e+00;1.015274493166e+00;1.292356194447e+00;1.006293321552e+03;7.936633578913e+04;8.225677973657e-01;2.833156102865e+03;1.007852674681e+02
2.660000000000e+03;2.660000000000e+03;1.013250000000e-02;7.791627834074e+01;1.283428856326e-02;2.801331762682e+01;1.004775023504e+01;2.861328585265e+03;2.071834198640e+03;1.312312434886e+00;1.015510388418e+00;1.292268843188e+00;1.010068205158e+03;1.312832805264e+00;1.016006486878e+00;1.292148850399e+00;1.010016989590e+03;8.010166724238e+04;8.301889123865e-01;2.859405378124e+03;1.007852674681e+02
2.680000000000e+03;2.680000000000e+03;1.013250000000e-02;7.850214570207e+01;1.273850531163e-02;2.801330844165e+01;1.005758699399e+01;2.887592566803e+03;2.092161872710e+03;1.312964920205e+00;1.016162776420e+00;1.292081299052e+00;1.013784937089e+03;1.313568157545e+00;1.016737780025e+00;1.291942502161e+00;1.013726180825e+03;8.083741066852e+04;8.378142971728e-01;2.885669359662e+03;1.007852674681e+02
2.700000000000e+03;2.700000000000e+03;1.013250000000e-02;7.908801745079e+01;1.264414044292e-02;2.801329781549e+01;1.006735608738e+01;2.913871265859e+03;2.112504219186e+03;1.313607112634e+00;1.016804856264e+00;1.291896969749e+00;1.017488292892e+03;1.314304819672e+00;1.017469778308e+00;1.291736809215e+00;1.017420931954e+03;8.157356638237e+04;8.454439549873e-01;2.911948058717e+03;1.007852674681e+02
2.720000000000e+03;2.720000000000e+03;1.013250000000e-02;7.967389424797e+01;1.255116257890e-02;2.801328554848e+01;1.007705852945e+01;2.940164724407e+03;2.132861273368e+03;1.314239217583e+00;1.017436831244e+00;1.291715787384e+00;1.021178423498e+03;1.315044390959e+00;1.018204002707e+00;1.291531407356e+00;1.021101265692e+03;8.231013555979e+04;8.530778980169e-01;2.938241517266e+03;1.007852674681e+02
2.740000000000e+03;2.740000000000e+03;1.013250000000e-02;8.025977683932e+01;1.245954124694e-02;2.801327141699e+01;1.008669532437e+01;2.966473017727e+03;2.153233103000e+03;1.314861435655e+00;1.018058899591e+00;1.291537686260e+00;1.024855477776e+03;1.315788604102e+00;1.018942099030e+00;1.291325906800e+00;1.024767189987e+03;8.304712030960e+04;8.607161481176e-01;2.964549810585e+03;1.007852674681e+02
2.760000000000e+03;2.760000000000e+03;1.013250000000e-02;8.084566606449e+01;1.236924684624e-02;2.801325517134e+01;1.009626746753e+01;2.992796257172e+03;2.173619810949e+03;1.315473962870e+00;1.018671254683e+00;1.291362602825e+00;1.028519602655e+03;1.316539335935e+00;1.019685847910e+00;1.291119890238e+00;1.028418697198e+03;8.378452375122e+04;8.683587376200e-01;2.990873050031e+03;1.007852674681e+02
2.780000000000e+03;2.780000000000e+03;1.013250000000e-02;8.143156286693e+01;1.228025061528e-02;2.801323653326e+01;1.010577594683e+01;3.019134593170e+03;2.194021538102e+03;1.316076990894e+00;1.019274085235e+00;1.291190475613e+00;1.032170943247e+03;1.317298618676e+00;1.020437175268e+00;1.290912910833e+00;1.032055763243e+03;8.452235009859e+04;8.760057101980e-01;3.017211386028e+03;1.007852674681e+02
2.800000000000e+03;2.800000000000e+03;1.013250000000e-02;8.201746830485e+01;1.219252460077e-02;2.801321519323e+01;1.011522174412e+01;3.045488218441e+03;2.214438466476e+03;1.316670707246e+00;1.019867575487e+00;1.291021245202e+00;1.035809642976e+03;1.318068651690e+00;1.021198163222e+00;1.290704490172e+00;1.035678346700e+03;8.526060475051e+04;8.836571218058e-01;3.043565011300e+03;1.007852674681e+02
2.820000000000e+03;2.820000000000e+03;1.013250000000e-02;8.260338356291e+01;1.210604162768e-02;2.801319080759e+01;1.012460583655e+01;3.071857371469e+03;2.234870822568e+03;1.317255295504e+00;1.020451905376e+00;1.290854854173e+00;1.039435843718e+03;1.318851813765e+00;1.021971061472e+00;1.290494116179e+00;1.039286387891e+03;8.599929438768e+04;8.913130416834e-01;3.069934164327e+03;1.007852674681e+02
2.840000000000e+03;2.840000000000e+03;1.013250000000e-02;8.318930996491e+01;1.202077527055e-02;2.801316299549e+01;1.013392919802e+01;3.098242340210e+03;2.255318880939e+03;1.317830935501e+00;1.021027250699e+00;1.290691247073e+00;1.043049685933e+03;1.319650675889e+00;1.022758299132e+00;1.290281240993e+00;1.042879807934e+03;8.673842707676e+04;8.989735534354e-01;3.096319133069e+03;1.007852674681e+02
2.860000000000e+03;2.860000000000e+03;1.013250000000e-02;8.377524898753e+01;1.193669982585e-02;2.801313133558e+01;1.014319280071e+01;3.124643466075e+03;2.275782968053e+03;1.318397803518e+00;1.021593783275e+00;1.290530370390e+00;1.046651308807e+03;1.320468014558e+00;1.023562497033e+00;1.290065278818e+00;1.046458507765e+03;8.747801238182e+04;9.066387561853e-01;3.122720258934e+03;1.007852674681e+02
2.880000000000e+03;2.880000000000e+03;1.013250000000e-02;8.436120227508e+01;1.185379028548e-02;2.801309536256e+01;1.015239761657e+01;3.151061148173e+03;2.296263466373e+03;1.318956072466e+00;1.022151671082e+00;1.290372172527e+00;1.050240850406e+03;1.321306825579e+00;1.024386480480e+00;1.289845603765e+00;1.050022367147e+03;8.821806148326e+04;9.143087658092e-01;3.149137941032e+03;1.007852674681e+02
2.900000000000e+03;2.900000000000e+03;1.013250000000e-02;8.494717165538e+01;1.177202231119e-02;2.801305456342e+01;1.016154461888e+01;3.177495847841e+03;2.316760818731e+03;1.319505912065e+00;1.022701078405e+00;1.290216603783e+00;1.053818447820e+03;1.322170338400e+00;1.025233292467e+00;1.289621547689e+00;1.053571243659e+03;8.895858730470e+04;9.219837162498e-01;3.175572640700e+03;1.007852674681e+02
2.920000000000e+03;2.920000000000e+03;1.013250000000e-02;8.553315915681e+01;1.169137221001e-02;2.801300837350e+01;1.017063478392e+01;3.203948093465e+03;2.337275532973e+03;1.320047489019e+00;1.023242165965e+00;1.290063616342e+00;1.057384237329e+03;1.323062031218e+00;1.026106207637e+00;1.289392397928e+00;1.057104971639e+03;8.969960464801e+04;9.296637609165e-01;3.202024886323e+03;1.007852674681e+02
2.940000000000e+03;2.940000000000e+03;1.013250000000e-02;8.611916702662e+01;1.161181691052e-02;2.801295617233e+01;1.017966909260e+01;3.230418485598e+03;2.357808186898e+03;1.320580967182e+00;1.023775091042e+00;1.289913164265e+00;1.060938354562e+03;1.323985645205e+00;1.027008745223e+00;1.289157395574e+00;1.060623361318e+03;9.044113033677e+04;9.373490741722e-01;3.228495278457e+03;1.007852674681e+02
2.960000000000e+03;2.960000000000e+03;1.013250000000e-02;8.670519775052e+01;1.153333394011e-02;2.801289727914e+01;1.018864853217e+01;3.256907702401e+03;2.378359433491e+03;1.321106507728e+00;1.024300007595e+00;1.289765203487e+00;1.064480934671e+03;1.324945201944e+00;1.027944685290e+00;1.288915732807e+00;1.064126197571e+03;9.118318336852e+04;9.450398529109e-01;3.254984495259e+03;1.007852674681e+02
2.980000000000e+03;2.980000000000e+03;1.013250000000e-02;8.729125407362e+01;1.145590140287e-02;2.801283094822e+01;1.019757409802e+01;3.283416505388e+03;2.398930006465e+03;1.321624269308e+00;1.024817066374e+00;1.289619691819e+00;1.068012112506e+03;1.325945018694e+00;1.028918082597e+00;1.288666551245e+00;1.067613239063e+03;9.192578507590e+04;9.527363182282e-01;3.281493298247e+03;1.007852674681e+02
3.000000000000e+03;3.000000000000e+03;1.013250000000e-02;8.787733902278e+01;1.137949795841e-02;2.801275636392e+01;1.020644679548e+01;3.309945745521e+03;2.419520726122e+03;1.322134408211e+00;1.025326415025e+00;1.289476588955e+00;1.071532022800e+03;1.326989725430e+00;1.029933282251e+00;1.288408939903e+00;1.071084217225e+03;9.266895929720e+04;9.604387171886e-01;3.308022538379e+03;1.007852674681e+02
3.020000000000e+03;3.020000000000e+03;1.013250000000e-02;8.846345593047e+01;1.130410280134e-02;2.801267263544e+01;1.021526764166e+01;3.336496369627e+03;2.440132505536e+03;1.322637078521e+00;1.025828198191e+00;1.289335856486e+00;1.075040800361e+03;1.328084282100e+00;1.030994935494e+00;1.288141933351e+00;1.074538835306e+03;9.341273255633e+04;9.681473246910e-01;3.334573162486e+03;1.007852674681e+02
3.040000000000e+03;3.040000000000e+03;1.013250000000e-02;8.904960845993e+01;1.122969564150e-02;2.801257879135e+01;1.022403766743e+01;3.363069427183e+03;2.460766357073e+03;1.323132432269e+00;1.026322557608e+00;1.289197457915e+00;1.078538580269e+03;1.329233996327e+00;1.032108015875e+00;1.287864510007e+00;1.077976767458e+03;9.415713425264e+04;9.758624454359e-01;3.361146220041e+03;1.007852674681e+02
3.060000000000e+03;3.060000000000e+03;1.013250000000e-02;8.963580063253e+01;1.115625668476e-02;2.801247377374e+01;1.023275791937e+01;3.389666077441e+03;2.481423399250e+03;1.323620619586e+00;1.026809632196e+00;1.289061358681e+00;1.082025498085e+03;1.330444541553e+00;1.033277835804e+00;1.287575590572e+00;1.081397657891e+03;9.490219686079e+04;9.835844159967e-01;3.387742870300e+03;1.007852674681e+02
3.080000000000e+03;3.080000000000e+03;1.013250000000e-02;9.022203685663e+01;1.108376661446e-02;2.801235643220e+01;1.024142946181e+01;3.416287596939e+03;2.502104863945e+03;1.324101788855e+00;1.027289558148e+00;1.288927526181e+00;1.085501690066e+03;1.331721975613e+00;1.034510063462e+00;1.287274036665e+00;1.084801120088e+03;9.564795614087e+04;9.913136069979e-01;3.414364389797e+03;1.007852674681e+02
3.100000000000e+03;3.100000000000e+03;1.013250000000e-02;9.080832195739e+01;1.101220657364e-02;2.801222551742e+01;1.025005337889e+01;3.442935387367e+03;2.522812103971e+03;1.324576086862e+00;1.027762469007e+00;1.288795929804e+00;1.088967293387e+03;1.333072759708e+00;1.035810740054e+00;1.286958649671e+00;1.088186736109e+03;9.639445135907e+04;9.990504254017e-01;3.441012180225e+03;1.007852674681e+02
3.120000000000e+03;3.120000000000e+03;1.013250000000e-02;9.139466120917e+01;1.094155814760e-02;2.801207967452e+01;1.025863077678e+01;3.469610983838e+03;2.543546601005e+03;1.325043658946e+00;1.028228495752e+00;1.288666540969e+00;1.092422446374e+03;1.334503777773e+00;1.037186297385e+00;1.286628169841e+00;1.091554055991e+03;9.714172551906e+04;1.006795316906e+00;3.467687776696e+03;1.007852674681e+02
3.140000000000e+03;3.140000000000e+03;1.013250000000e-02;9.198106030845e+01;1.087180335437e-02;2.801191743602e+01;1.026716278558e+01;3.496316063532e+03;2.564309973896e+03;1.325504649146e+00;1.028687766867e+00;1.288539333157e+00;1.095867288745e+03;1.336022356211e+00;1.038643575735e+00;1.286281275690e+00;1.094902596921e+03;9.788982560437e+04;1.014548768458e+00;3.494392856390e+03;1.007852674681e+02
3.160000000000e+03;3.160000000000e+03;1.013250000000e-02;9.256752245289e+01;1.080292497305e-02;2.801173721463e+01;1.027565055220e+01;3.523052454714e+03;2.585103987316e+03;1.325959200356e+00;1.029140408423e+00;1.288414281962e+00;1.099301961862e+03;1.337636283807e+00;1.040189841848e+00;1.285916583767e+00;1.098231825379e+03;9.863880283095e+04;1.022311310869e+00;3.521129247573e+03;1.007852674681e+02
3.180000000000e+03;3.180000000000e+03;1.013250000000e-02;9.315405764712e+01;1.073490543792e-02;2.801153729551e+01;1.028409527246e+01;3.549822146287e+03;2.605930560925e+03;1.326407454476e+00;1.029586544139e+00;1.288291365138e+00;1.102726608993e+03;1.339353832663e+00;1.041832807867e+00;1.285532648608e+00;1.101541211999e+03;9.938871291467e+04;1.030083521588e+00;3.547898939145e+03;1.007852674681e+02
3.200000000000e+03;3.200000000000e+03;1.013250000001e-02;9.374067332155e+01;1.066772794100e-02;2.801131582840e+01;1.029249816301e+01;3.576627297563e+03;2.626791778744e+03;1.326849552563e+00;1.030026295457e+00;1.288170562649e+00;1.106141375576e+03;1.341183778437e+00;1.043580649512e+00;1.285127963391e+00;1.104830175505e+03;1.001396163453e+05;1.037866027544e+00;3.574704090421e+03;1.007852674681e+02
3.220000000000e+03;3.220000000000e+03;1.013249999999e-02;9.432737754660e+01;1.060137603747e-02;2.801107081936e+01;1.030086047405e+01;3.603470248580e+03;2.647689899039e+03;1.327285634985e+00;1.030459781606e+00;1.288051856731e+00;1.109546409509e+03;1.343135421508e+00;1.045442025106e+00;1.284700960863e+00;1.108098101845e+03;1.008915786751e+05;1.045659508133e+00;3.601547041438e+03;1.007852674681e+02
3.240000000000e+03;3.240000000000e+03;1.013250000001e-02;9.491417907576e+01;1.053583363137e-02;2.801080012215e+01;1.030918349184e+01;3.630353530807e+03;2.668627364575e+03;1.327715841580e+00;1.030887119668e+00;1.287935231947e+00;1.112941861432e+03;1.345218608256e+00;1.047426094644e+00;1.284250014830e+00;1.111344344640e+03;1.016446708193e+05;1.053464698332e+00;3.628430323666e+03;1.007852674681e+02
3.260000000000e+03;3.260000000000e+03;1.013250000004e-02;9.550108739357e+01;1.047108496136e-02;2.801050142928e+01;1.031746854120e+01;3.657279878280e+03;2.689606813287e+03;1.328140311816e+00;1.031308424640e+00;1.287820675255e+00;1.116327885032e+03;1.347443752570e+00;1.049542539021e+00;1.283773442200e+00;1.114568225877e+03;1.023989693675e+05;1.061282391932e+00;3.655356671138e+03;1.007852674681e+02
3.280000000000e+03;3.280000000000e+03;1.013249999998e-02;9.608811276417e+01;1.040711458715e-02;2.801017226279e+01;1.032571698815e+01;3.684252239165e+03;2.710631089342e+03;1.328559184946e+00;1.031723809498e+00;1.287708176079e+00;1.119704637357e+03;1.349821857571e+00;1.051801579399e+00;1.283269505637e+00;1.117769036899e+03;1.031545569078e+05;1.069113444891e+00;3.682329032023e+03;1.007852674681e+02
3.300000000000e+03;3.300000000000e+03;1.013250000004e-02;9.667526628065e+01;1.034390737644e-02;2.800980996463e+01;1.033393024250e+01;3.711273787765e+03;2.731703254631e+03;1.328972600183e+00;1.032133385261e+00;1.287597726379e+00;1.123072279138e+03;1.352364537524e+00;1.054213996681e+00;1.282736416867e+00;1.120946039695e+03;1.039115223632e+05;1.076958778825e+00;3.709350580624e+03;1.007852674681e+02
3.320000000000e+03;3.320000000000e+03;1.013250000004e-02;9.726255992174e+01;1.028144849164e-02;2.800941168672e+01;1.034210976060e+01;3.738347936965e+03;2.752826600665e+03;1.329380696858e+00;1.032537261052e+00;1.287489320728e+00;1.126430975123e+03;1.355084039904e+00;1.056791151069e+00;1.282172340692e+00;1.124098468514e+03;1.046699613403e+05;1.084819384617e+00;3.736424729823e+03;1.007852674681e+02
3.340000000000e+03;3.340000000000e+03;1.013250000002e-02;9.785000660589e+01;1.021972337751e-02;2.800897438067e+01;1.035025704808e+01;3.765478351112e+03;2.774004660891e+03;1.329783614603e+00;1.032935544160e+00;1.287382956392e+00;1.129780894421e+03;1.357993267593e+00;1.059545001671e+00;1.281575399753e+00;1.127225531869e+03;1.054299764899e+05;1.092696326161e+00;3.763555143970e+03;1.007852674681e+02
3.360000000000e+03;3.360000000000e+03;1.013250000002e-02;9.843762025035e+01;1.015871774893e-02;2.800849478722e+01;1.035837366261e+01;3.792668959351e+03;2.795241223432e+03;1.330181493518e+00;1.033328340103e+00;1.287278633416e+00;1.133122210865e+03;1.361105801184e+00;1.062488126134e+00;1.280943680087e+00;1.130326414903e+03;1.061916778807e+05;1.100590744229e+00;3.790745752209e+03;1.007852674681e+02
3.380000000000e+03;3.380000000000e+03;1.013250000000e-02;9.902541583298e+01;1.009841757884e-02;2.800796942523e+01;1.036646121684e+01;3.819923969401e+03;2.816540344241e+03;1.330574474360e+00;1.033715752695e+00;1.287176354710e+00;1.136455103377e+03;1.364435921361e+00;1.065633740265e+00;1.280275237515e+00;1.133400282176e+03;1.069551833851e+05;1.108503860474e+00;3.818000762259e+03;1.007852674681e+02
3.400000000000e+03;3.400000000000e+03;1.013250000003e-02;9.961340945522e+01;1.003880908674e-02;2.800739458045e+01;1.037452138121e+01;3.847247881780e+03;2.837906360680e+03;1.330962698724e+00;1.034097884108e+00;1.287076126137e+00;1.139779756347e+03;1.367998631322e+00;1.068995717617e+00;1.279568104899e+00;1.136446280891e+03;1.077206190781e+05;1.116436981561e+00;3.845324674639e+03;1.007852674681e+02
3.420000000000e+03;3.420000000000e+03;1.013250000000e-02;1.002016184105e+02;9.979878727136e-03;2.800676629390e+01;1.038255588694e+01;3.874645504484e+03;2.859343905520e+03;1.331346309239e+00;1.034474834941e+00;1.286977956613e+00;1.143096360034e+03;1.371809679228e+00;1.072588609003e+00;1.278820300294e+00;1.139463544570e+03;1.084881196479e+05;1.124391503423e+00;3.872722297342e+03;1.007852674681e+02
3.440000000000e+03;3.440000000000e+03;1.013250000002e-02;1.007900612509e+02;9.921613178812e-03;2.800608034995e+01;1.039056652903e+01;3.902121968103e+03;2.880857921361e+03;1.331725449762e+00;1.034846704286e+00;1.286881858199e+00;1.146405110960e+03;1.375885580635e+00;1.076427661906e+00;1.278029836017e+00;1.142451197208e+03;1.092578288199e+05;1.132368915659e+00;3.900198760962e+03;1.007852674681e+02
3.460000000000e+03;3.460000000000e+03;1.013249999997e-02;1.013787578620e+02;9.863999333675e-03;2.800533226405e+01;1.039855516928e+01;3.929682741401e+03;2.902453675475e+03;1.332100265585e+00;1.035213589805e+00;1.286787846203e+00;1.149706212336e+03;1.380243640891e+00;1.080528839761e+00;1.277194728633e+00;1.145408357910e+03;1.100298997926e+05;1.140370806046e+00;3.927759534259e+03;1.007852674681e+02
3.480000000000e+03;3.480000000000e+03;1.013250000000e-02;1.019677295358e+02;9.807024286534e-03;2.800451727015e+01;1.040652373935e+01;3.957333647329e+03;2.924136775061e+03;1.332470903642e+00;1.035575587797e+00;1.286695939286e+00;1.152999874488e+03;1.384901977471e+00;1.084908841062e+00;1.276313009874e+00;1.148334146040e+03;1.108044956867e+05;1.148398865199e+00;3.955410440187e+03;1.007852674681e+02
3.500000000000e+03;3.500000000000e+03;1.013250000000e-02;1.025569990500e+02;9.750675324580e-03;2.800363030784e+01;1.041447424391e+01;3.985080879494e+03;2.945913182926e+03;1.332837512727e+00;1.035932793282e+00;1.286606159561e+00;1.156286315297e+03;1.389879542202e+00;1.089585118273e+00;1.275382738463e+00;1.151227686843e+03;1.115817900063e+05;1.156454891347e+00;3.983157672352e+03;1.007852674681e+02
3.520000000000e+03;3.520000000000e+03;1.013250000001e-02;1.031465907485e+02;9.694939917488e-03;2.800266600918e+01;1.042240876378e+01;4.012931019065e+03;2.967789233569e+03;1.333200243719e+00;1.036285300074e+00;1.286518532708e+00;1.159565760653e+03;1.395196143381e+00;1.094575896503e+00;1.274402012815e+00;1.154088117597e+03;1.123619671122e+05;1.164540795240e+00;4.011007811923e+03;1.007852674681e+02
3.540000000000e+03;3.540000000000e+03;1.013250000001e-02;1.037365306246e+02;9.639805707585e-03;2.800161868516e+01;1.043032945911e+01;4.040891052123e+03;2.989771649686e+03;1.333559249810e+00;1.036633200874e+00;1.286433088083e+00;1.162838444923e+03;1.400872467720e+00;1.099900191916e+00;1.273368984585e+00;1.156914594232e+03;1.131452227084e+05;1.172658605192e+00;4.038967844982e+03;1.007852674681e+02
3.560000000000e+03;3.560000000000e+03;1.013250000000e-02;1.043268464085e+02;9.585260500296e-03;2.800048231199e+01;1.043823857261e+01;4.068968387449e+03;3.011867559071e+03;1.333914686751e+00;1.036976587351e+00;1.286349858832e+00;1.166104611427e+03;1.406930102130e+00;1.105577829830e+00;1.272281872982e+00;1.159706298431e+03;1.139317643399e+05;1.180810472240e+00;4.067045180308e+03;1.007852674681e+02
3.580000000000e+03;3.580000000000e+03;1.013250000000e-02;1.049175676428e+02;9.531292256077e-03;2.799925051703e+01;1.044613843275e+01;4.097170874738e+03;3.034084511932e+03;1.334266713089e+00;1.037315550238e+00;1.286268882004e+00;1.169364512929e+03;1.413391555274e+00;1.111629462482e+00;1.271138979781e+00;1.162462445095e+03;1.147218119035e+05;1.188998675433e+00;4.095247667597e+03;1.007852674681e+02
3.600000000000e+03;3.600000000000e+03;1.013250000001e-02;1.055087258167e+02;9.477889077511e-03;2.799791656449e+01;1.045403145719e+01;4.125506823257e+03;3.056430498594e+03;1.334615490432e+00;1.037650179430e+00;1.286190198672e+00;1.172618412138e+03;1.420280278906e+00;1.118076586437e+00;1.269938704927e+00;1.165182290528e+03;1.155155981699e+05;1.197225627254e+00;4.123583616115e+03;1.007852674681e+02
3.620000000000e+03;3.620000000000e+03;1.013250000001e-02;1.061003544221e+02;9.425039204127e-03;2.799647334088e+01;1.046192015596e+01;4.153985020908e+03;3.078913967599e+03;1.334961183709e+00;1.037980564087e+00;1.286113854052e+00;1.175866582226e+03;1.427620688925e+00;1.124941559554e+00;1.268679562619e+00;1.167865140528e+03;1.163133693182e+05;1.205493879149e+00;4.152061813767e+03;1.007852674681e+02
3.640000000000e+03;3.640000000000e+03;1.013250000001e-02;1.066924890650e+02;9.372731002561e-03;2.799491334017e+01;1.046980713480e+01;4.182614753728e+03;3.101543844192e+03;1.335303961443e+00;1.038306792744e+00;1.286039897624e+00;1.179109307350e+03;1.435438186143e+00;1.132247617539e+00;1.267360197719e+00;1.170510359085e+03;1.171153854818e+05;1.213806127189e+00;4.180691546586e+03;1.007852674681e+02
3.660000000000e+03;3.660000000000e+03;1.013250000000e-02;1.072851675684e+02;9.320952958039e-03;2.799322864883e+01;1.047769509857e+01;4.211405825785e+03;3.124329549191e+03;1.335643996035e+00;1.038628953422e+00;1.285968383256e+00;1.182346883192e+03;1.443759176740e+00;1.140018889999e+00;1.265979402340e+00;1.173117377253e+03;1.179219213060e+05;1.222165217852e+00;4.209482618643e+03;1.007852674681e+02
3.680000000000e+03;3.680000000000e+03;1.013250000000e-02;1.078784300778e+02;9.269693666090e-03;2.799141093056e+01;1.048558685457e+01;4.240368579490e+03;3.147281018220e+03;1.335981464056e+00;1.038947133753e+00;1.285899369326e+00;1.185579617512e+03;1.452611092366e+00;1.148280415985e+00;1.264536132422e+00;1.175685702180e+03;1.187332665170e+05;1.230574153913e+00;4.238445372348e+03;1.007852674681e+02
3.700000000000e+03;3.700000000000e+03;1.013250000000e-02;1.084723191699e+02;9.218941824537e-03;2.798945141088e+01;1.049348531598e+01;4.269513916306e+03;3.170408721319e+03;1.336316546551e+00;1.039261421106e+00;1.285832918852e+00;1.188807830703e+03;1.462022409880e+00;1.157058158983e+00;1.263029524105e+00;1.178214926220e+03;1.195497265017e+05;1.239036100462e+00;4.267590709164e+03;1.007852674681e+02
3.720000000000e+03;3.720000000000e+03;1.013250000000e-02;1.090668799640e+02;9.168686225644e-03;2.798734086158e+01;1.050139350522e+01;4.298853317842e+03;3.193723682909e+03;1.336649429349e+00;1.039571902723e+00;1.285769099615e+00;1.192031856371e+03;1.472022670687e+00;1.166379021308e+00;1.261458909676e+00;1.180704736017e+03;1.203716228991e+05;1.247554391027e+00;4.296930110700e+03;1.007852674681e+02
3.740000000000e+03;3.740000000000e+03;1.013250000000e-02;1.096621602337e+02;9.118915748776e-03;2.798506958491e+01;1.050931455738e+01;4.328398867337e+03;3.217237502098e+03;1.336980303386e+00;1.039878665859e+00;1.285707984289e+00;1.195252041916e+03;1.482642499653e+00;1.176270857864e+00;1.259823832872e+00;1.183154921457e+03;1.211992942017e+05;1.256132533807e+00;4.326475660195e+03;1.007852674681e+02
3.760000000000e+03;3.760000000000e+03;1.013250000000e-02;1.102582105394e+02;9.069619351776e-03;2.798262739781e+01;1.051725172367e+01;4.358163271515e+03;3.240962373347e+03;1.337309365042e+00;1.040181797934e+00;1.285649650569e+00;1.198468749125e+03;1.493913623591e+00;1.186762489254e+00;1.258124063288e+00;1.185565384464e+03;1.220330963682e+05;1.264774218026e+00;4.356240064373e+03;1.007852674681e+02
3.780000000000e+03;3.780000000000e+03;1.013250000000e-02;1.108550843347e+02;9.020786064989e-03;2.798000361587e+01;1.052520837482e+01;4.388159882802e+03;3.264911107444e+03;1.337636816480e+00;1.040481386690e+00;1.285594181300e+00;1.201682354782e+03;1.505868889252e+00;1.197883714154e+00;1.256359609666e+00;1.187936147287e+03;1.228734034454e+05;1.273483320377e+00;4.386236675660e+03;1.007852674681e+02
3.800000000000e+03;3.800000000000e+03;1.013250000000e-02;1.114528380970e+02;8.972404983802e-03;2.797718703732e+01;1.053318800453e+01;4.418402721903e+03;3.289097152823e+03;1.337962866010e+00;1.040777520360e+00;1.285541664608e+00;1.204893251283e+03;1.518542280844e+00;1.209665320962e+00;1.254530731794e+00;1.190267360419e+03;1.237206082008e+05;1.282263911577e+00;4.416479514761e+03;1.007852674681e+02
3.820000000000e+03;3.820000000000e+03;1.013250000000e-02;1.120515314552e+02;8.924465261767e-03;2.797416592695e+01;1.054119423288e+01;4.448906500719e+03;3.313534617176e+03;1.338287728448e+00;1.041070287838e+00;1.285492194026e+00;1.208101847262e+03;1.531968937021e+00;1.222139098640e+00;1.252637950797e+00;1.192559309870e+03;1.245751227650e+05;1.291120263024e+00;4.446983293578e+03;1.007852674681e+02
3.840000000000e+03;3.840000000000e+03;1.013250000000e-02;1.126512273220e+02;8.876956104008e-03;2.797092799998e+01;1.054923080978e+01;4.479686645606e+03;3.338238289378e+03;1.338611625501e+00;1.041359778870e+00;1.285445868626e+00;1.211308568230e+03;1.546185167349e+00;1.235337846746e+00;1.250682057574e+00;1.194812423716e+03;1.254373792824e+05;1.300056853548e+00;4.477763438464e+03;1.007852674681e+02
3.860000000000e+03;3.860000000000e+03;1.013250000000e-02;1.132519920278e+02;8.829866760793e-03;2.796746040598e+01;1.055730161842e+01;4.510759320948e+03;3.363223661700e+03;1.338934786157e+00;1.041646084240e+00;1.285402793151e+00;1.214513857216e+03;1.561228468191e+00;1.249295384574e+00;1.248664119165e+00;1.197027277798e+03;1.263078305726e+05;1.309078376255e+00;4.508836113807e+03;1.007852674681e+02
3.880000000000e+03;3.880000000000e+03;1.013250000000e-02;1.138538954595e+02;8.783186521321e-03;2.796374971276e+01;1.056541067863e+01;4.542141453051e+03;3.388506952296e+03;1.339257447085e+00;1.041929295983e+00;1.285363078137e+00;1.217718175430e+03;1.577137538023e+00;1.264046559390e+00;1.246585482854e+00;1.199204600441e+03;1.271869507989e+05;1.318189745465e+00;4.540218245909e+03;1.007852674681e+02
3.900000000000e+03;3.900000000000e+03;1.013250000000e-02;1.144570112016e+02;8.736904707732e-03;2.795978189049e+01;1.057356215034e+01;4.573850754329e+03;3.414105127967e+03;1.339579853056e+00;1.042209507587e+00;1.285326840049e+00;1.220922002920e+03;1.593952292138e+00;1.279627253705e+00;1.244447777842e+00;1.201345276113e+03;1.280752361463e+05;1.327396103731e+00;4.571927547188e+03;1.007852674681e+02
3.920000000000e+03;3.920000000000e+03;1.013250000000e-02;1.150616391166e+02;8.690993867964e-03;2.795554224001e+01;1.058176092896e+01;4.605905816936e+03;3.440035993995e+03;1.339902257788e+00;1.042486814059e+00;1.285294202016e+00;1.224125840764e+03;1.611714121420e+00;1.296074635987e+00;1.242252869904e+00;1.203451489631e+03;1.289732074441e+05;1.336702849031e+00;4.603982609795e+03;1.007852674681e+02
3.940000000000e+03;3.940000000000e+03;1.013250000000e-02;1.156674170978e+02;8.645477050414e-03;2.795101559571e+01;1.059001028252e+01;4.638325866407e+03;3.466317955388e+03;1.340224922733e+00;1.042761312815e+00;1.285265291552e+00;1.227330205818e+03;1.630464943605e+00;1.313426204733e+00;1.240003033646e+00;1.205522162416e+03;1.298814032650e+05;1.346115563232e+00;4.636402659266e+03;1.007852674681e+02
3.960000000000e+03;3.960000000000e+03;1.013250000000e-02;1.162746518088e+02;8.600326764636e-03;2.794618598850e+01;1.059831540182e+01;4.671131185485e+03;3.492970425810e+03;1.340548119967e+00;1.043033102947e+00;1.285240244225e+00;1.230535640123e+03;1.650248635254e+00;1.331721210308e+00;1.237700685352e+00;1.207559797062e+03;1.308003917976e+05;1.355640135150e+00;4.669207978343e+03;1.007852674681e+02
3.980000000000e+03;3.980000000000e+03;1.013250000000e-02;1.168834331032e+02;8.555532409085e-03;2.794103684091e+01;1.060668104087e+01;4.704342878511e+03;3.520013599147e+03;1.340872131059e+00;1.043302286126e+00;1.285219201462e+00;1.233742705901e+03;1.671110113072e+00;1.350999728168e+00;1.235348545927e+00;1.209565914701e+03;1.317307642463e+05;1.365282692138e+00;4.702419671370e+03;1.007852674681e+02
4.000000000000e+03;4.000000000000e+03;1.013250000000e-02;1.174938552874e+02;8.511083388606e-03;2.793555090044e+01;1.061511211055e+01;4.737982960947e+03;3.547468535281e+03;1.341197247946e+00;1.043568966706e+00;1.285202311238e+00;1.236951987653e+03;1.693095574197e+00;1.371302889352e+00;1.232949586623e+00;1.211542192049e+03;1.326731373389e+05;1.375049626083e+00;4.736059753806e+03;1.007852674681e+02
4.020000000000e+03;4.020000000000e+03;1.013250000000e-02;1.181060172808e+02;8.466969109820e-03;2.792971022496e+01;1.062361368188e+01;4.772074385085e+03;3.575357184188e+03;1.341523773424e+00;1.043833252004e+00;1.285189728196e+00;1.240164092873e+03;1.716252506777e+00;1.392672880991e+00;1.230507014662e+00;1.213490457252e+03;1.336281540472e+05;1.384947600866e+00;4.770151177943e+03;1.007852674681e+02
4.040000000000e+03;4.040000000000e+03;1.013250000000e-02;1.187200227793e+02;8.423178976805e-03;2.792349616847e+01;1.063219098927e+01;4.806641065967e+03;3.603702410190e+03;1.341852021653e+00;1.044095252592e+00;1.285181613767e+00;1.243379652755e+03;1.740629699766e+00;1.415152945515e+00;1.228024256369e+00;1.215412684385e+03;1.345964843130e+05;1.394983559890e+00;4.804717858825e+03;1.007852674681e+02
4.060000000000e+03;4.060000000000e+03;1.013250000000e-02;1.193359804223e+02;8.379702387002e-03;2.791688936729e+01;1.064084943376e+01;4.841707907496e+03;3.632528016383e+03;1.342182318674e+00;1.044355082601e+00;1.285178136282e+00;1.246599322914e+03;1.766277251926e+00;1.438787378489e+00;1.225504937983e+00;1.217310986674e+03;1.355788257791e+05;1.405164733658e+00;4.839784700354e+03;1.007852674681e+02
4.080000000000e+03;4.080000000000e+03;1.013250000000e-02;1.199540039622e+02;8.336528727417e-03;2.790986972678e+01;1.064959458618e+01;4.877300828713e+03;3.661858769190e+03;1.342515002943e+00;1.044612860031e+00;1.285179471085e+00;1.249823784110e+03;1.793246579984e+00;1.463621525028e+00;1.222952864381e+00;1.219187608485e+03;1.365759045261e+05;1.415498647408e+00;4.875377621571e+03;1.007852674681e+02
4.100000000000e+03;4.100000000000e+03;1.013250000000e-02;1.205742124371e+02;8.293647371088e-03;2.790241640860e+01;1.065843219028e+01;4.913446790230e+03;3.691720423049e+03;1.342850425876e+00;1.044868707080e+00;1.285185800644e+00;1.253053742973e+03;1.821590425932e+00;1.489701774721e+00;1.220371995966e+00;1.221044916216e+03;1.375884758123e+05;1.425993128781e+00;4.911523583088e+03;1.007852674681e+02
4.120000000000e+03;4.120000000000e+03;1.013250000000e-02;1.211967303462e+02;8.251047673842e-03;2.789450781863e+01;1.066736816586e+01;4.950173820801e+03;3.722139745204e+03;1.343188952408e+00;1.045122750486e+00;1.285197314654e+00;1.256289932729e+03;1.851362863421e+00;1.517075555001e+00;1.217766424020e+00;1.222885388169e+03;1.386173248185e+05;1.436656315540e+00;4.948250613660e+03;1.007852674681e+02
4.140000000000e+03;4.140000000000e+03;1.013250000000e-02;1.218216878283e+02;8.208718971367e-03;2.788612159556e+01;1.067640861183e+01;4.987511044013e+03;3.753144540583e+03;1.343530961564e+00;1.045375121874e+00;1.285214210144e+00;1.259533113937e+03;1.882619303220e+00;1.545791322903e+00;1.215140344844e+00;1.224711603562e+03;1.396632673954e+05;1.447496663315e+00;4.985587836871e+03;1.007852674681e+02
4.160000000000e+03;4.160000000000e+03;1.013250000000e-02;1.224492208433e+02;8.166650576564e-03;2.787723460023e+01;1.068555980916e+01;5.025488705071e+03;3.784763676755e+03;1.343876847042e+00;1.045625958127e+00;1.285236691569e+00;1.262784075216e+03;1.915416497694e+00;1.575898555120e+00;1.212498033031e+00;1.226526230828e+03;1.407271508139e+05;1.458522953386e+00;5.023565497929e+03;1.007852674681e+02
4.180000000000e+03;4.180000000000e+03;1.013250000000e-02;1.230794713560e+02;8.124831777248e-03;2.786782290589e+01;1.069482822387e+01;5.064138197669e+03;3.817027108931e+03;1.344227017816e+00;1.045875401758e+00;1.285264970911e+00;1.266043633980e+03;1.949812544253e+00;1.607447736297e+00;1.209843814224e+00;1.228332015354e+03;1.418098545183e+05;1.469744300478e+00;5.062214990528e+03;1.007852674681e+02
4.200000000000e+03;4.200000000000e+03;1.013250000000e-02;1.237127094664e+02;8.083243866479e-03;2.785786171322e+01;1.070422082597e+01;5.103492186071e+03;3.849965996732e+03;1.344581899390e+00;1.046123601133e+00;1.285299268589e+00;1.269312639307e+03;1.985867179132e+00;1.640490636609e+00;1.207182002294e+00;1.230132355050e+03;1.429122935456e+05;1.481170188210e+00;5.101568978930e+03;1.007852674681e+02
4.220000000000e+03;4.220000000000e+03;1.013250000000e-02;1.243488467102e+02;8.041892035642e-03;2.784732564128e+01;1.071374383025e+01;5.143584258151e+03;3.883612368740e+03;1.344941931886e+00;1.046370711543e+00;1.285339810307e+00;1.272591964273e+03;2.023640630410e+00;1.675079149130e+00;1.204517013051e+00;1.231928936301e+03;1.440354088063e+05;1.492810368357e+00;5.141661051010e+03;1.007852674681e+02
4.240000000000e+03;4.240000000000e+03;1.013250000000e-02;1.249881652762e+02;8.000757494041e-03;2.783618828013e+01;1.072340458900e+01;5.184449503624e+03;3.917999679019e+03;1.345307574413e+00;1.046616894629e+00;1.285386831913e+00;1.275882519054e+03;2.063195315232e+00;1.711266967903e+00;1.201853127549e+00;1.233725245440e+03;1.451801832828e+05;1.504675028734e+00;5.182526296482e+03;1.007852674681e+02
4.260000000000e+03;4.260000000000e+03;1.013250000000e-02;1.256308330418e+02;7.959829412795e-03;2.782442247397e+01;1.073321033672e+01;5.226124179670e+03;3.953162483712e+03;1.345679303278e+00;1.046862319465e+00;1.285440576336e+00;1.279185243542e+03;2.104594723395e+00;1.749108454185e+00;1.199194605518e+00;1.235524207975e+03;1.463476326618e+05;1.516774696115e+00;5.224200972528e+03;1.007852674681e+02
4.280000000000e+03;4.280000000000e+03;1.013250000000e-02;1.262770248474e+02;7.919096931598e-03;2.781200024579e+01;1.074316850680e+01;5.268645826717e+03;3.989136551654e+03;1.346057613239e+00;1.047107162839e+00;1.285501294432e+00;1.282501110062e+03;2.147903689676e+00;1.788658889245e+00;1.196545626228e+00;1.237328762749e+03;1.475388085784e+05;1.529120269843e+00;5.266722619575e+03;1.007852674681e+02
4.300000000000e+03;4.300000000000e+03;1.013250000000e-02;1.269269226950e+02;7.878549158579e-03;2.779889279424e+01;1.075328673404e+01;5.312053295300e+03;4.025958889223e+03;1.346443018188e+00;1.047351609709e+00;1.285569245043e+00;1.285831124079e+03;2.193188389882e+00;1.829974450249e+00;1.193910265385e+00;1.239141849934e+03;1.487547993683e+05;1.541723029636e+00;5.310130088159e+03;1.007852674681e+02
4.320000000000e+03;4.320000000000e+03;1.013250000000e-02;1.275807159493e+02;7.838175170589e-03;2.778507049213e+01;1.076357285712e+01;5.356386772832e+03;4.063667765071e+03;1.346836051828e+00;1.047595853667e+00;1.285644695055e+00;1.289176324913e+03;2.240516335370e+00;1.873112183726e+00;1.191292473722e+00;1.240966399611e+03;1.499967308174e+05;1.554594643356e+00;5.354463565691e+03;1.007852674681e+02
4.340000000000e+03;4.340000000000e+03;1.013250000000e-02;1.282382161337e+02;7.797987449833e-03;2.777050324647e+01;1.077403392045e+01;5.401687355998e+03;4.102302297325e+03;1.347237265116e+00;1.047840098050e+00;1.285727915570e+00;1.292537776099e+03;2.289955069418e+00;1.918128680845e+00;1.188696179581e+00;1.242803517346e+03;1.512657541838e+05;1.567747042857e+00;5.399764148856e+03;1.007852674681e+02
4.360000000000e+03;4.360000000000e+03;1.013250000000e-02;1.289003955961e+02;7.757928091495e-03;2.775515908294e+01;1.078468016930e+01;5.447998863865e+03;4.141904198414e+03;1.347647239759e+00;1.048084553948e+00;1.285819197204e+00;1.295916606697e+03;2.341577271686e+00;1.965085155356e+00;1.186124785024e+00;1.244659682028e+03;1.525630969884e+05;1.581192950402e+00;5.446075656724e+03;1.007852674681e+02
4.380000000000e+03;4.380000000000e+03;1.013250000000e-02;1.295670846746e+02;7.718009574046e-03;2.773900624099e+01;1.079551907633e+01;5.495365227960e+03;4.182515260639e+03;1.348066570097e+00;1.048329444413e+00;1.285918827599e+00;1.299313952062e+03;2.395453183438e+00;2.014039850421e+00;1.183581877149e+00;1.246535935712e+03;1.538899899026e+05;1.594945120903e+00;5.493442020818e+03;1.007852674681e+02
4.400000000000e+03;4.400000000000e+03;1.013250000000e-02;1.302385041967e+02;7.678220862316e-03;2.772201180642e+01;1.080655931863e+01;5.543832247722e+03;4.224179045586e+03;1.348495876165e+00;1.048575002527e+00;1.286027106231e+00;1.302730993791e+03;2.451655569136e+00;2.065052971816e+00;1.181070732696e+00;1.248435069640e+03;1.552477159246e+05;1.609016851596e+00;5.541909040580e+03;1.007852674681e+02
4.420000000000e+03;4.420000000000e+03;1.013250000000e-02;1.309148834281e+02;7.638550895164e-03;2.770414205644e+01;1.081780978829e+01;5.593447190779e+03;4.266940497992e+03;1.348935801401e+00;1.048821472538e+00;1.286144340788e+00;1.306168950711e+03;2.510258474832e+00;2.118185421570e+00;1.178594427293e+00;1.250359820703e+03;1.566375991812e+05;1.623421865984e+00;5.591523983637e+03;1.007852674681e+02
4.440000000000e+03;4.440000000000e+03;1.013250000000e-02;1.315964602132e+02;7.598988592703e-03;2.768536246899e+01;1.082927959403e+01;5.644258818313e+03;4.310845968999e+03;1.349387013392e+00;1.049069110410e+00;1.286270847176e+00;1.309629079511e+03;2.571337210737e+00;2.173498753966e+00;1.176155826960e+00;1.252312865215e+03;1.580610056390e+05;1.638174321205e+00;5.642335611171e+03;1.007852674681e+02
4.460000000000e+03;4.460000000000e+03;1.013250000000e-02;1.322834812080e+02;7.559522858547e-03;2.766563773428e+01;1.084097806305e+01;5.696317410180e+03;4.355943239135e+03;1.349850204629e+00;1.049318184371e+00;1.286406949516e+00;1.313112675354e+03;2.634968331570e+00;2.231055128472e+00;1.173757581816e+00;1.254296814191e+03;1.595193438078e+05;1.653288815321e+00;5.694394203038e+03;1.007852674681e+02
4.480000000000e+03;4.480000000000e+03;1.013250000000e-02;1.329762020914e+02;7.520142583956e-03;2.764493176866e+01;1.085291474260e+01;5.749674789581e+03;4.402281540844e+03;1.350326093268e+00;1.049568975486e+00;1.286552980133e+00;1.316621072472e+03;2.701229614092e+00;2.290917259025e+00;1.171402121946e+00;1.256314209576e+03;1.610140654315e+05;1.668780394484e+00;5.747751582440e+03;1.007852674681e+02
4.500000000000e+03;4.500000000000e+03;1.013250000000e-02;1.336748877763e+02;7.480836652531e-03;2.762320773093e+01;1.086509940148e+01;5.804384347255e+03;4.449911580539e+03;1.350815423901e+00;1.049821778232e+00;1.286709279527e+00;1.320155644734e+03;2.770200031647e+00;2.353148359545e+00;1.169091655329e+00;1.258367521517e+03;1.625466661664e+05;1.684664559957e+00;5.802461140114e+03;1.007852674681e+02
4.520000000000e+03;4.520000000000e+03;1.013250000000e-02;1.343798126215e+02;7.441593945486e-03;2.760042804126e+01;1.087754203134e+01;5.860501065123e+03;4.498885560102e+03;1.351318968331e+00;1.050076901086e+00;1.286876196337e+00;1.323717806197e+03;2.841959725454e+00;2.417812085492e+00;1.166828167695e+00;1.260459146625e+03;1.641186862429e+05;1.700957274985e+00;5.858577857982e+03;1.007852674681e+02
4.540000000000e+03;4.540000000000e+03;1.013250000000e-02;1.350912606424e+02;7.402403347519e-03;2.757655440289e+01;1.089025284782e+01;5.918081539334e+03;4.549257197792e+03;1.351837526348e+00;1.050334667125e+00;1.287054087293e+00;1.327309011615e+03;2.916589972357e+00;2.484972471238e+00;1.164613424184e+00;1.262591407191e+03;1.657317111117e+05;1.717674971477e+00;5.916158332193e+03;1.007852674681e+02
4.560000000000e+03;4.560000000000e+03;1.013250000000e-02;1.358095257215e+02;7.363253753280e-03;2.755154782661e+01;1.090324229154e+01;5.977184002620e+03;4.601081748467e+03;1.352371926514e+00;1.050595414635e+00;1.287243317148e+00;1.330930756930e+03;2.994173148718e+00;2.554693863040e+00;1.162448972635e+00;1.264766551295e+03;1.673873720696e+05;1.734834556505e+00;5.975260795478e+03;1.007852674681e+02
4.580000000000e+03;4.580000000000e+03;1.013250000000e-02;1.365349118177e+02;7.324134074480e-03;2.752536865826e+01;1.091652102890e+01;6.037868345889e+03;4.654416023059e+03;1.352923026949e+00;1.050859497729e+00;1.287444258602e+00;1.334584579725e+03;3.074792690101e+00;2.627040847368e+00;1.160336148352e+00;1.266986753721e+03;1.690873468646e+05;1.752453418567e+00;6.035945138748e+03;1.007852674681e+02
4.600000000000e+03;4.600000000000e+03;1.013250000000e-02;1.372677331740e+02;7.285033247632e-03;2.749797660941e+01;1.093009995261e+01;6.100196138971e+03;4.709318407208e+03;1.353491716116e+00;1.051127286976e+00;1.287657292210e+00;1.338272059635e+03;3.158533046358e+00;2.702078174326e+00;1.158276080162e+00;1.269254117627e+03;1.708333602769e+05;1.770549433615e+00;6.098272931829e+03;1.007852674681e+02
4.620000000000e+03;4.620000000000e+03;1.013250000000e-02;1.380083145236e+02;7.245940242457e-03;2.746933079120e+01;1.094399018214e+01;6.164230650407e+03;4.765848878976e+03;1.354078913608e+00;1.051399170035e+00;1.287882806264e+00;1.341994818727e+03;3.245479631709e+00;2.779870675904e+00;1.156269697611e+00;1.271570676869e+03;1.726271846735e+05;1.789140970796e+00;6.162307443266e+03;1.007852674681e+02
4.640000000000e+03;4.640000000000e+03;1.013250000000e-02;1.387569912923e+02;7.206844070965e-03;2.743938975167e+01;1.095820306376e+01;6.230036866197e+03;4.824069025524e+03;1.354685570932e+00;1.051675552296e+00;1.288121196669e+00;1.345754521830e+03;3.335718769333e+00;2.860483178762e+00;1.154317739103e+00;1.273938398909e+03;1.744706405332e+05;1.808246897900e+00;6.228113659056e+03;1.007852674681e+02
4.660000000000e+03;4.660000000000e+03;1.013250000000e-02;1.395141097995e+02;7.167733797225e-03;2.740811151661e+01;1.097275017048e+01;6.297681507371e+03;4.884042058667e+03;1.355312672289e+00;1.051956857535e+00;1.288372866797e+00;1.349552876819e+03;3.429337629997e+00;2.943980411243e+00;1.152420760824e+00;1.276359188220e+03;1.763655969390e+05;1.827886586457e+00;6.295758300229e+03;1.007852674681e+02
4.680000000000e+03;4.680000000000e+03;1.013250000000e-02;1.402805606940e+02;7.128571450334e-03;2.737545246316e+01;1.098764476868e+01;6.367234569739e+03;4.945834291834e+03;1.355961247811e+00;1.052243528033e+00;1.288638239805e+00;1.353391670346e+03;3.526427830425e+00;3.030430574390e+00;1.150578974537e+00;1.278837225234e+03;1.783140147115e+05;1.848080358786e+00;6.365311362597e+03;1.007852674681e+02
4.700000000000e+03;4.700000000000e+03;1.013250000000e-02;1.410555750819e+02;7.089404296279e-03;2.734137216137e+01;1.100289576122e+01;6.438763105669e+03;5.009509168402e+03;1.356632323434e+00;1.052536027501e+00;1.288917707316e+00;1.357272622806e+03;3.627070324224e+00;3.119890187376e+00;1.148792968234e+00;1.281369311260e+03;1.803177722155e+05;1.868847682615e+00;6.436839898527e+03;1.007852674681e+02
4.720000000000e+03;4.720000000000e+03;1.013250000000e-02;1.418402144854e+02;7.050186744486e-03;2.730582590016e+01;1.101851726525e+01;6.512341019860e+03;5.075136665869e+03;1.357327001415e+00;1.052834838080e+00;1.289211709494e+00;1.361197616302e+03;3.731358958817e+00;3.212427637695e+00;1.147062590382e+00;1.283960176948e+03;1.823789397729e+05;1.890210015157e+00;6.510417812718e+03;1.007852674681e+02
4.740000000000e+03;4.740000000000e+03;1.013250000000e-02;1.426347939297e+02;7.010912081471e-03;2.726877026839e+01;1.103452154238e+01;6.588041902131e+03;5.142786412647e+03;1.358046402604e+00;1.053140463753e+00;1.289520675869e+00;1.365168527512e+03;3.839383014049e+00;3.308105675158e+00;1.145387792498e+00;1.286611179663e+03;1.844995788848e+05;1.912188722199e+00;6.586118694989e+03;1.007852674681e+02
4.760000000000e+03;4.760000000000e+03;1.013250000000e-02;1.434397170567e+02;6.971569803118e-03;2.723016142586e+01;1.105092128705e+01;6.665941362322e+03;5.212529928611e+03;1.358791686115e+00;1.053453430129e+00;1.289845044170e+00;1.369187281817e+03;3.951232727831e+00;3.406986916253e+00;1.143768370202e+00;1.289323971705e+03;1.866818076399e+05;1.934805756015e+00;6.664018155180e+03;1.007852674681e+02
4.780000000000e+03;4.780000000000e+03;1.013250000000e-02;1.442553994970e+02;6.932149531229e-03;2.718995533673e+01;1.106772941308e+01;6.746116818408e+03;5.284440420293e+03;1.359564048242e+00;1.053774285183e+00;1.290185258227e+00;1.373255848087e+03;4.066998657577e+00;3.509133180453e+00;1.142203998524e+00;1.292100168761e+03;1.889277947789e+05;1.958083593847e+00;6.744193611266e+03;1.007852674681e+02
4.800000000000e+03;4.800000000000e+03;1.013250000000e-02;1.450822676052e+02;6.892641096023e-03;2.714810784281e+01;1.108495904701e+01;6.828647496340e+03;5.358592779354e+03;1.360364723106e+00;1.054103599932e+00;1.290541767616e+00;1.377376238367e+03;4.186771546579e+00;3.614605334463e+00;1.140694242798e+00;1.294941348526e+03;1.912397596901e+05;1.982045237857e+00;6.826724289199e+03;1.007852674681e+02
4.820000000000e+03;4.820000000000e+03;1.013250000000e-02;1.459207625582e+02;6.853034362409e-03;2.710457472640e+01;1.110262353632e+01;6.913614447034e+03;5.435063597498e+03;1.361194983441e+00;1.054441969090e+00;1.290915027419e+00;1.381550507939e+03;4.310642223316e+00;3.723463172447e+00;1.139238567657e+00;1.297849072332e+03;1.936199728851e+05;2.006714220060e+00;6.911691239892e+03;1.007852674681e+02
4.840000000000e+03;4.840000000000e+03;1.013250000000e-02;1.467713370759e+02;6.813319411833e-03;2.705931179775e+01;1.112073643619e+01;7.001100534326e+03;5.513931153548e+03;1.362056141128e+00;1.054790011740e+00;1.291305497747e+00;1.385780754667e+03;4.438701427704e+00;3.835765226552e+00;1.137836348071e+00;1.300824874950e+03;1.960707556619e+05;2.032114598829e+00;6.999177327185e+03;1.007852674681e+02
4.860000000000e+03;4.860000000000e+03;1.013250000000e-02;1.476344561985e+02;6.773486527126e-03;2.701227497654e+01;1.113931150720e+01;7.091190433832e+03;5.595275410981e+03;1.362949547823e+00;1.055148371979e+00;1.291713643330e+00;1.390069118568e+03;4.571039655600e+00;3.951568599799e+00;1.136486878753e+00;1.303870271796e+03;1.985944800724e+05;2.058270958560e+00;7.089267226690e+03;1.007852674681e+02
4.880000000000e+03;4.880000000000e+03;1.013250000000e-02;1.485105976222e+02;6.733526199549e-03;2.696342037919e+01;1.115836271123e+01;7.183970627192e+03;5.679178011055e+03;1.363876595524e+00;1.055517719570e+00;1.292139933074e+00;1.394417781230e+03;4.707746985094e+00;4.070928785466e+00;1.135189383324e+00;1.306986764064e+03;2.011935687613e+05;2.085208408006e+00;7.182047420050e+03;1.007852674681e+02
4.900000000000e+03;4.900000000000e+03;1.013250000000e-02;1.494002517913e+02;6.693429147611e-03;2.691270441160e+01;1.117790420610e+01;7.279529391826e+03;5.765722261633e+03;1.364838717099e+00;1.055898750575e+00;1.292584839556e+00;1.398828965101e+03;4.848912884463e+00;4.193899473502e+00;1.133943023121e+00;1.310175842648e+03;2.038704946793e+05;2.112952577296e+00;7.277606184685e+03;1.007852674681e+02
4.920000000000e+03;4.920000000000e+03;1.013250000000e-02;1.503039219707e+02;6.653186336647e-03;2.686008386685e+01;1.119795033945e+01;7.377956786670e+03;5.854993122177e+03;1.365837386762e+00;1.056292187975e+00;1.293048838485e+00;1.403304932640e+03;4.994626002326e+00;4.320532345279e+00;1.132746905563e+00;1.313438991787e+03;2.066277806834e+05;2.141529613801e+00;7.376033579528e+03;1.007852674681e+02
4.940000000000e+03;4.940000000000e+03;1.013250000000e-02;1.512221243001e+02;6.612788999150e-03;2.680551602789e+01;1.121851564189e+01;7.479344633519e+03;5.947077184555e+03;1.366874120495e+00;1.056698782280e+00;1.293532408116e+00;1.407847985321e+03;5.144973938585e+00;4.450876856071e+00;1.131600092038e+00;1.316777692421e+03;2.094679990144e+05;2.170966176714e+00;7.477421426377e+03;1.007852674681e+02
4.960000000000e+03;4.960000000000e+03;1.013250000000e-02;1.521553878245e+02;6.572228655834e-03;2.674895877515e+01;1.123961481930e+01;7.583786493595e+03;6.042062649287e+03;1.367950476413e+00;1.057119312109e+00;1.294036028614e+00;1.412460462495e+03;5.300042994651e+00;4.584980004641e+00;1.130501605314e+00;1.320193425233e+03;2.123937706402e+05;2.201289430243e+00;7.581863286453e+03;1.007852674681e+02
4.980000000000e+03;4.980000000000e+03;1.013250000000e-02;1.531042545012e+02;6.531497137409e-03;2.669037069921e+01;1.126126274423e+01;7.691377638891e+03;6.140039296824e+03;1.369068055059e+00;1.057554584763e+00;1.294560181370e+00;1.417144740080e+03;5.459917901383e+00;4.722886089294e+00;1.129450436462e+00;1.323687673356e+03;2.154077644533e+05;2.232527035299e+00;7.689454431750e+03;1.007852674681e+02
5.000000000000e+03;5.000000000000e+03;1.013250000000e-02;1.540692791795e+02;6.490586607049e-03;2.662971121840e+01;1.128347444640e+01;7.802215017843e+03;6.241098453423e+03;1.370228499629e+00;1.058005436758e+00;1.295105348257e+00;1.421903229081e+03;5.624681523059e+00;4.864636449735e+00;1.128445551295e+00;1.327261924732e+03;2.185126963090e+05;2.264707139522e+00;7.800291810701e+03;1.007852674681e+02
